"event","overall","nationalitys","leagues","teams","POS","Skater ID"
"ICON",86,"Russia","NHLAA","DET","FWD",2029
"ICON",86,"Canada","NHLAA","SJS","FWD",1063
"ICON",86,"Finland","NHLAA","ANA","FWD",2128
"HH",84,"Czechia","NHLAA","EDM","FWD",51
"HH",84,"Sweden","NHLAA","VAN","FWD",1437
"HH",84,"USA","NHLAA","STL","FWD",1221
"HH",84,"USA","NHLAA","CHI","FWD",1017
"CAP",82,"Finland","NHL","MTL","FWD",1769
"CAP",82,"USA","NHL","NYI","FWD",97
"ALUM",84,"Finland","NHLAA","ANA","FWD",2128
"ALUM",82,"Canada","NHLAA","ANA","FWD",2095
"ALUM",81,"Canada","NHLAA","ANA","FWD",116
"ALUM",79,"Canada","NHLAA","ANA","FWD",1586
"ALUM",78,"Canada","NHLAA","ANA","FWD",772
"ALUM",77,"Canada","NHLAA","ANA","FWD",2184
"ALUM",77,"USA","NHLAA","ANA","FWD",781
"ALUM",76,"Canada","NHLAA","ANA","FWD",1265
"ALUM",76,"Canada","NHLAA","ANA","FWD",2108
"ALUM",75,"USA","NHLAA","ANA","FWD",1034
"ALUM",84,"Canada","NHLAA","BOS","FWD",1104
"ALUM",84,"Canada","NHLAA","BOS","FWD",1801
"ALUM",83,"Canada","NHLAA","BOS","FWD",1868
"ALUM",82,"England","NHLAA","BOS","FWD",1226
"ALUM",81,"Canada","NHLAA","BOS","FWD",2275
"ALUM",81,"Canada","NHLAA","BOS","FWD",2134
"ALUM",80,"Canada","NHLAA","BOS","FWD",2303
"ALUM",80,"Canada","NHLAA","BOS","FWD",1227
"ALUM",80,"Canada","NHLAA","BOS","FWD",595
"ALUM",79,"Canada","NHLAA","BOS","FWD",2089
"ALUM",79,"Canada","NHLAA","BOS","FWD",789
"ALUM",77,"Canada","NHLAA","BOS","FWD",1922
"ALUM",76,"Sweden","NHLAA","BOS","FWD",1789
"ALUM",76,"Canada","NHLAA","BOS","FWD",2299
"ALUM",75,"Canada","NHLAA","BOS","FWD",767
"ALUM",75,"Canada","NHLAA","BOS","FWD",2274
"ALUM",82,"Canada","NHLAA","BUF","FWD",596
"ALUM",82,"Canada","NHLAA","BUF","FWD",503
"ALUM",81,"Canada","NHLAA","BUF","FWD",1560
"ALUM",81,"Canada","NHLAA","BUF","FWD",571
"ALUM",80,"USA","NHLAA","BUF","FWD",570
"ALUM",79,"Canada","NHLAA","BUF","FWD",785
"ALUM",78,"Canada","NHLAA","BUF","FWD",236
"ALUM",78,"Canada","NHLAA","BUF","FWD",497
"ALUM",77,"Canada","NHLAA","BUF","FWD",1492
"ALUM",77,"Canada","NHLAA","BUF","FWD",2123
"ALUM",76,"Canada","NHLAA","BUF","FWD",2277
"ALUM",76,"Canada","NHLAA","BUF","FWD",1888
"ALUM",75,"Canada","NHLAA","BUF","FWD",594
"ALUM",84,"Canada","NHLAA","CGY","FWD",977
"ALUM",83,"Canada","NHLAA","CGY","FWD",2140
"ALUM",81,"Canada","NHLAA","CGY","FWD",601
"ALUM",81,"Sweden","NHLAA","CGY","FWD",1230
"ALUM",79,"USA","NHLAA","CGY","FWD",1074
"ALUM",79,"Canada","NHLAA","CGY","FWD",1038
"ALUM",76,"Czechia","NHLAA","CGY","FWD",1046
"ALUM",76,"Canada","NHLAA","CGY","FWD",434
"ALUM",76,"Canada","NHLAA","CGY","FWD",1488
"ALUM",75,"Canada","NHLAA","CGY","FWD",1993
"ALUM",75,"Canada","NHLAA","CGY","FWD",296
"ALUM",85,"Canada","NHLAA","CAR","FWD",1912
"ALUM",84,"Canada","NHLAA","CAR","FWD",1900
"ALUM",82,"Canada","NHLAA","CAR","FWD",1444
"ALUM",82,"Canada","NHLAA","CAR","FWD",1848
"ALUM",81,"Finland","NHLAA","CAR","FWD",2202
"ALUM",80,"Canada","NHLAA","CAR","FWD",1220
"ALUM",80,"Canada","NHLAA","CAR","FWD",775
"ALUM",78,"Canada","NHLAA","CAR","FWD",1635
"ALUM",76,"USA","NHLAA","CAR","FWD",1626
"ALUM",75,"Canada","NHLAA","CAR","FWD",513
"ALUM",75,"Canada","NHLAA","CAR","FWD",990
"ALUM",83,"Slovakia","NHLAA","CHI","FWD",1413
"ALUM",83,"Slovakia","NHLAA","CHI","FWD",2078
"ALUM",82,"USA","NHLAA","CHI","FWD",1017
"ALUM",82,"Canada","NHLAA","CHI","FWD",557
"ALUM",81,"Canada","NHLAA","CHI","FWD",2093
"ALUM",81,"Canada","NHLAA","CHI","FWD",1766
"ALUM",80,"Canada","NHLAA","CHI","FWD",675
"ALUM",80,"Canada","NHLAA","CHI","FWD",2198
"ALUM",79,"Canada","NHLAA","CHI","FWD",415
"ALUM",79,"Canada","NHLAA","CHI","FWD",518
"ALUM",78,"USA","NHLAA","CHI","FWD",636
"ALUM",77,"Canada","NHLAA","CHI","FWD",563
"ALUM",77,"Canada","NHLAA","CHI","FWD",114
"ALUM",76,"Canada","NHLAA","CHI","FWD",1420
"ALUM",75,"Canada","NHLAA","CHI","FWD",432
"ALUM",75,"Canada","NHLAA","CHI","FWD",275
"ALUM",84,"Sweden","NHLAA","COL","FWD",1793
"ALUM",84,"Canada","NHLAA","COL","FWD",1061
"ALUM",82,"Canada","NHLAA","COL","FWD",69
"ALUM",80,"Canada","NHLAA","COL","FWD",2302
"ALUM",79,"Canada","NHLAA","COL","FWD",2087
"ALUM",77,"Canada","NHLAA","COL","FWD",538
"ALUM",76,"USA","NHLAA","COL","FWD",488
"ALUM",76,"USA","NHLAA","COL","FWD",2055
"ALUM",75,"USA","NHLAA","COL","FWD",2010
"ALUM",84,"Canada","NHLAA","CBJ","FWD",1869
"ALUM",83,"USA","NHLAA","CBJ","FWD",1826
"ALUM",82,"Sweden","NHLAA","CBJ","FWD",751
"ALUM",80,"Canada","NHLAA","CBJ","FWD",1589
"ALUM",79,"Canada","NHLAA","CBJ","FWD",1477
"ALUM",78,"Canada","NHLAA","CBJ","FWD",472
"ALUM",77,"USA","NHLAA","CBJ","FWD",2161
"ALUM",77,"Canada","NHLAA","CBJ","FWD",801
"ALUM",76,"Canada","NHLAA","CBJ","FWD",2023
"ALUM",75,"Canada","NHLAA","CBJ","FWD",1055
"ALUM",84,"USA","NHLAA","DAL","FWD",1587
"ALUM",82,"Finland","NHLAA","DAL","FWD",1009
"ALUM",81,"Canada","NHLAA","DAL","FWD",270
"ALUM",81,"Canada","NHLAA","DAL","FWD",1060
"ALUM",80,"USA","NHLAA","DAL","FWD",198
"ALUM",80,"USA","NHLAA","DAL","FWD",957
"ALUM",79,"Canada","NHLAA","DAL","FWD",814
"ALUM",79,"Canada","NHLAA","DAL","FWD",1583
"ALUM",78,"Canada","NHLAA","DAL","FWD",2107
"ALUM",77,"Canada","NHLAA","DAL","FWD",274
"ALUM",76,"Canada","NHLAA","DAL","FWD",1886
"ALUM",85,"Canada","NHLAA","DET","FWD",794
"ALUM",84,"Russia","NHLAA","DET","FWD",2029
"ALUM",84,"Canada","NHLAA","DET","FWD",2101
"ALUM",83,"Canada","NHLAA","DET","FWD",56
"ALUM",82,"Canada","NHLAA","DET","FWD",2126
"ALUM",82,"Sweden","NHLAA","DET","FWD",836
"ALUM",81,"Canada","NHLAA","DET","FWD",2056
"ALUM",80,"Canada","NHLAA","DET","FWD",1097
"ALUM",79,"Russia","NHLAA","DET","FWD",2269
"ALUM",78,"Canada","NHLAA","DET","FWD",1257
"ALUM",78,"Russia","NHLAA","DET","FWD",856
"ALUM",77,"Canada","NHLAA","DET","FWD",1446
"ALUM",77,"Canada","NHLAA","DET","FWD",514
"ALUM",76,"Canada","NHLAA","DET","FWD",1251
"ALUM",76,"Sweden","NHLAA","DET","FWD",1573
"ALUM",75,"Canada","NHLAA","DET","FWD",1077
"ALUM",80,"Canada","NHLAA","CGY","FWD",1280
"ALUM",77,"Canada","NHLAA","CGY","FWD",1892
"ALUM",76,"Canada","NHLAA","CGY","FWD",2153
"ALUM",78,"Canada","NHLAA","CHI","FWD",2099
"ALUM",75,"USA","NHLAA","CBJ","FWD",2091
"ALUM",77,"Canada","NHLAA","DAL","FWD",191
"ALUM",83,"Canada","NHLAA","DET","FWD",267
"ALUM",83,"Czechia","NHLAA","COL","FWD",1597
"ALUM",81,"Canada","NHLAA","DET","FWD",1707
"ALUM",79,"Canada","NHLAA","DET","FWD",1650
"ALUM",77,"Canada","NHLAA","DET","FWD",214
"ALUM",85,"Canada","NHLAA","EDM","FWD",2276
"ALUM",85,"Canada","NHLAA","EDM","FWD",1427
"ALUM",83,"Finland","NHLAA","EDM","FWD",975
"ALUM",82,"Canada","NHLAA","EDM","FWD",790
"ALUM",82,"Canada","NHLAA","EDM","FWD",1954
"ALUM",81,"Czechia","NHLAA","EDM","FWD",51
"ALUM",81,"Finland","NHLAA","EDM","FWD",692
"ALUM",80,"Canada","NHLAA","EDM","FWD",470
"ALUM",79,"Canada","NHLAA","EDM","FWD",526
"ALUM",79,"Canada","NHLAA","EDM","FWD",523
"ALUM",79,"Canada","NHLAA","EDM","FWD",469
"ALUM",78,"Canada","NHLAA","EDM","FWD",1585
"ALUM",78,"Canada","NHLAA","EDM","FWD",702
"ALUM",76,"Canada","NHLAA","EDM","FWD",2339
"ALUM",76,"Canada","NHLAA","EDM","FWD",1242
"ALUM",75,"Canada","NHLAA","EDM","FWD",782
"ALUM",75,"USA","NHLAA","EDM","FWD",1452
"ALUM",83,"Finland","NHLAA","FLA","FWD",1719
"ALUM",82,"Canada","NHLAA","FLA","FWD",2007
"ALUM",80,"USA","NHLAA","FLA","FWD",532
"ALUM",79,"Finland","NHLAA","FLA","FWD",1676
"ALUM",79,"Canada","NHLAA","FLA","FWD",1847
"CHEL",84,"Canada","NHL","CGY","FWD",1632
"CHEL",84,"Canada","NHL","WSH","FWD",2167
"CHEL",81,"Canada","NHL","FLA","FWD",234
"CHEL",81,"Canada","NHL","SJS","FWD",1948
"CHEL",81,"Canada","NHL","UTA","FWD",256
"CHEL",81,"USA","NHL","PHI","FWD",2191
"ALUM",78,"Canada","NHLAA","FLA","FWD",1054
"ALUM",78,"Canada","NHLAA","FLA","FWD",230
"ALUM",77,"Germany","NHLAA","FLA","FWD",1397
"ALUM",75,"Sweden","NHLAA","FLA","FWD",1079
"ALUM",75,"Canada","NHLAA","FLA","FWD",1797
"ALUM",84,"Canada","NHLAA","HFD","FWD",1846
"ALUM",83,"Canada","NHLAA","HFD","FWD",201
"ALUM",82,"Canada","NHLAA","HFD","FWD",107
"ALUM",81,"Czechia","NHLAA","HFD","FWD",1891
"ALUM",79,"Canada","NHLAA","HFD","FWD",805
"ALUM",78,"USA","NHLAA","HFD","FWD",516
"ALUM",77,"Canada","NHLAA","HFD","FWD",1423
"ALUM",76,"Canada","NHLAA","HFD","FWD",1052
"ALUM",84,"Canada","NHLAA","LAK","FWD",1396
"ALUM",83,"Canada","NHLAA","LAK","FWD",1340
"ALUM",82,"Canada","NHLAA","LAK","FWD",528
"ALUM",81,"USA","NHLAA","LAK","FWD",616
"ALUM",80,"Canada","NHLAA","LAK","FWD",196
"ALUM",80,"Canada","NHLAA","LAK","FWD",372
"ALUM",79,"Canada","NHLAA","LAK","FWD",1036
"ALUM",78,"USA","NHLAA","LAK","FWD",1040
"ALUM",77,"USA","NHLAA","LAK","FWD",1577
"ALUM",76,"Slovakia","NHLAA","LAK","FWD",1563
"ALUM",75,"Canada","NHLAA","LAK","FWD",199
"ALUM",78,"Canada","NHLAA","HFD","FWD",2105
"ALUM",84,"Canada","NHLAA","MIN","FWD",286
"ALUM",83,"Canada","NHLAA","MIN","FWD",222
"ALUM",82,"Canada","NHLAA","MIN","FWD",2094
"ALUM",81,"Canada","NHLAA","MIN","FWD",504
"ALUM",80,"Canada","NHLAA","MIN","FWD",562
"ALUM",81,"Canada","NHLAA","MIN","FWD",41
"ALUM",78,"Canada","NHLAA","MIN","FWD",565
"ALUM",78,"Canada","NHLAA","MIN","FWD",551
"ALUM",77,"Canada","NHLAA","MIN","FWD",1216
"ALUM",77,"Canada","NHLAA","MIN","FWD",295
"ALUM",82,"USA","NHLAA","MIN","FWD",983
"ALUM",80,"USA","NHLAA","MIN","FWD",1035
"ALUM",79,"Canada","NHLAA","MIN","FWD",1262
"ALUM",78,"Canada","NHLAA","MIN","FWD",673
"ALUM",78,"USA","NHLAA","MIN","FWD",1430
"ALUM",76,"Canada","NHLAA","MIN","FWD",404
"ALUM",75,"Austria","NHLAA","MIN","FWD",401
"ALUM",85,"Canada","NHLAA","MTL","FWD",996
"ALUM",85,"Canada","NHLAA","MTL","FWD",1520
"ALUM",84,"Canada","NHLAA","MTL","FWD",833
"ALUM",83,"Canada","NHLAA","MTL","FWD",209
"ALUM",82,"Canada","NHLAA","MTL","FWD",2323
"ALUM",82,"Canada","NHLAA","MTL","FWD",195
"ALUM",82,"Canada","NHLAA","MTL","FWD",918
"ALUM",82,"Finland","NHLAA","MTL","FWD",1965
"ALUM",81,"Canada","NHLAA","MTL","FWD",840
"ALUM",81,"Canada","NHLAA","MTL","FWD",2096
"ALUM",80,"Canada","NHLAA","MTL","FWD",1790
"ALUM",79,"Canada","NHLAA","MTL","FWD",2048
"ALUM",79,"Canada","NHLAA","MTL","FWD",2324
"ALUM",78,"Canada","NHLAA","MTL","FWD",602
"ALUM",78,"Canada","NHLAA","MTL","FWD",1860
"ALUM",78,"Canada","NHLAA","MTL","FWD",1428
"ALUM",78,"USA","NHLAA","MTL","FWD",385
"ALUM",78,"Canada","NHLAA","MTL","FWD",1419
"ALUM",77,"Canada","NHLAA","MTL","FWD",604
"ALUM",76,"Canada","NHLAA","MTL","FWD",786
"ALUM",82,"Canada","NHLAA","NSH","FWD",2098
"ALUM",82,"Canada","NHLAA","NSH","FWD",2013
"ALUM",80,"Canada","NHLAA","NSH","FWD",2004
"ALUM",79,"USA","NHLAA","NSH","FWD",437
"ALUM",78,"Canada","NHLAA","NSH","FWD",2238
"ALUM",77,"USA","NHLAA","NSH","FWD",21
"ALUM",83,"Czechia","NHLAA","NJD","FWD",1767
"ALUM",82,"Czechia","NHLAA","NJD","FWD",220
"ALUM",82,"Canada","NHLAA","NJD","FWD",1094
"ALUM",81,"Canada","NHLAA","NJD","FWD",980
"ALUM",81,"USA","NHLAA","NJD","FWD",2002
"ALUM",80,"USA","NHLAA","NJD","FWD",1
"ALUM",80,"Canada","NHLAA","NJD","FWD",413
"ALUM",79,"Canada","NHLAA","NJD","FWD",1838
"ALUM",79,"USA","NHLAA","NJD","FWD",292
"ALUM",79,"Canada","NHLAA","NJD","FWD",2086
"ALUM",78,"USA","NHLAA","NJD","FWD",991
"ALUM",77,"USA","NHLAA","NJD","FWD",607
"ALUM",76,"USA","NHLAA","NJD","FWD",2164
"ALUM",84,"Canada","NHLAA","NYI","FWD",316
"ALUM",82,"Canada","NHLAA","NYI","FWD",411
"ALUM",82,"USA","NHLAA","NYI","FWD",1759
"ALUM",81,"Canada","NHLAA","NYI","FWD",277
"ALUM",80,"Canada","NHLAA","NYI","FWD",1100
"ALUM",79,"Canada","NHLAA","NYI","FWD",322
"ALUM",79,"Sweden","NHLAA","NYI","FWD",213
"ALUM",78,"Canada","NHLAA","NYI","FWD",1757
"ALUM",78,"Canada","NHLAA","NYI","FWD",569
"ALUM",77,"Canada","NHLAA","NYI","FWD",770
"ALUM",77,"Canada","NHLAA","NYI","FWD",615
"ALUM",76,"Canada","NHLAA","NYI","FWD",1335
"ALUM",82,"Canada","NHLAA","NYR","FWD",998
"ALUM",82,"Canada","NHLAA","NYR","FWD",115
"ALUM",81,"Canada","NHLAA","NYR","FWD",1901
"ALUM",81,"Canada","NHLAA","NYR","FWD",20
"ALUM",81,"Canada","NHLAA","NYR","FWD",2100
"ALUM",80,"Canada","NHLAA","NYR","FWD",2239
"ALUM",80,"Sweden","NHLAA","NYR","FWD",96
"ALUM",79,"Canada","NHLAA","NYR","FWD",1910
"ALUM",79,"Canada","NHLAA","NYR","FWD",1758
"ALUM",79,"Canada","NHLAA","NYR","FWD",1795
"ALUM",78,"Sweden","NHLAA","NYR","FWD",2229
"ALUM",77,"Canada","NHLAA","NYR","FWD",637
"ALUM",77,"Canada","NHLAA","NYR","FWD",1429
"ALUM",75,"Canada","NHLAA","NYR","FWD",632
"ALUM",75,"Canada","NHLAA","NYR","FWD",1647
"ALUM",84,"Sweden","NHLAA","OTT","FWD",492
"ALUM",83,"Canada","NHLAA","OTT","FWD",508
"ALUM",81,"Canada","NHLAA","OTT","FWD",1578
"ALUM",79,"Sweden","NHLAA","OTT","FWD",1382
"ALUM",79,"Canada","NHLAA","OTT","FWD",1274
"ALUM",78,"Canada","NHLAA","OTT","FWD",1835
"ALUM",77,"USA","NHLAA","OTT","FWD",680
"ALUM",84,"Canada","NHLAA","PHI","FWD",676
"ALUM",82,"Canada","NHLAA","PHI","FWD",197
"ALUM",82,"Canada","NHLAA","PHI","FWD",1431
"ALUM",81,"USA","NHLAA","PHI","FWD",1092
"ALUM",81,"Canada","NHLAA","PHI","FWD",300
"ALUM",80,"Canada","NHLAA","PHI","FWD",2063
"ALUM",80,"Canada","NHLAA","PHI","FWD",1855
"ALUM",79,"Canada","NHLAA","PHI","FWD",493
"ALUM",79,"Canada","NHLAA","PHI","FWD",1615
"ALUM",79,"USA","NHLAA","PHI","FWD",1584
"ALUM",78,"Canada","NHLAA","PHI","FWD",210
"ALUM",78,"Canada","NHLAA","PHI","FWD",1724
"ALUM",77,"USA","NHLAA","PHI","FWD",1775
"ALUM",77,"Canada","NHLAA","PHI","FWD",527
"ALUM",76,"Canada","NHLAA","PHI","FWD",774
"ALUM",75,"Canada","NHLAA","PHI","FWD",2132
"ALUM",75,"Canada","NHLAA","PHI","FWD",1921
"ALUM",85,"Canada","NHLAA","PIT","FWD",1417
"ALUM",83,"Canada","NHLAA","PIT","FWD",2110
"ALUM",83,"Czechia","NHLAA","PIT","FWD",978
"ALUM",82,"Canada","NHLAA","PIT","FWD",384
"ALUM",81,"USA","NHLAA","PIT","FWD",1059
"ALUM",81,"Canada","NHLAA","PIT","FWD",490
"ALUM",80,"Canada","NHLAA","PIT","FWD",1815
"ALUM",78,"Sweden","NHLAA","PIT","FWD",347
"ALUM",78,"Canada","NHLAA","PIT","FWD",2197
"ALUM",78,"Canada","NHLAA","PIT","FWD",1338
"ALUM",75,"Canada","NHLAA","PIT","FWD",1772
"ALUM",75,"Canada","NHLAA","PIT","FWD",2215
"ALUM",84,"Slovakia","NHLAA","QUE","FWD",1794
"ALUM",83,"Canada","NHLAA","QUE","FWD",1566
"ALUM",78,"Canada","NHLAA","QUE","FWD",272
"ALUM",76,"Canada","NHLAA","QUE","FWD",1350
"ALUM",84,"Canada","NHLAA","SJS","FWD",1063
"ALUM",83,"Canada","NHLAA","SJS","FWD",1764
"ALUM",80,"Sweden","NHLAA","SJS","FWD",1687
"ALUM",81,"Canada","NHLAA","SJS","FWD",2257
"ALUM",79,"USA","NHLAA","SJS","FWD",2173
"ALUM",79,"Canada","NHLAA","SJS","FWD",1913
"ALUM",78,"Canada","NHLAA","SJS","FWD",2084
"ALUM",77,"Canada","NHLAA","SJS","FWD",2012
"ALUM",76,"Canada","NHLAA","SJS","FWD",93
"ALUM",75,"USA","NHLAA","SJS","FWD",12
"ALUM",75,"USA","NHLAA","SJS","FWD",1088
"ALUM",84,"USA","NHLAA","STL","FWD",282
"ALUM",83,"Canada","NHLAA","STL","FWD",194
"ALUM",82,"USA","NHLAA","STL","FWD",1221
"ALUM",81,"Canada","NHLAA","STL","FWD",771
"ALUM",81,"USA","NHLAA","STL","FWD",605
"ALUM",80,"Sweden","NHLAA","STL","FWD",79
"ALUM",78,"Canada","NHLAA","STL","FWD",1850
"ALUM",77,"Canada","NHLAA","STL","FWD",1865
"ALUM",76,"Canada","NHLAA","STL","FWD",405
"ALUM",84,"Canada","NHLAA","TBL","FWD",1450
"ALUM",83,"Canada","NHLAA","TBL","FWD",239
"ALUM",82,"Canada","NHLAA","TBL","FWD",520
"ALUM",81,"Canada","NHLAA","TBL","FWD",287
"ALUM",77,"Sweden","NHLAA","TBL","FWD",1569
"ALUM",77,"Canada","NHLAA","TBL","FWD",588
"ALUM",76,"Canada","NHLAA","TBL","FWD",2155
"ALUM",75,"Russia","NHLAA","TBL","FWD",578
"ALUM",84,"Sweden","NHLAA","TOR","FWD",1473
"ALUM",83,"Canada","NHLAA","TOR","FWD",524
"ALUM",81,"Canada","NHLAA","TOR","FWD",1911
"ALUM",81,"Canada","NHLAA","TOR","FWD",740
"ALUM",79,"Canada","NHLAA","TOR","FWD",1872
"ALUM",78,"USA","NHLAA","TOR","FWD",2165
"ALUM",78,"Canada","NHLAA","TOR","FWD",215
"ALUM",77,"Kazakhstan","NHLAA","TOR","FWD",1667
"ALUM",77,"Canada","NHLAA","TOR","FWD",1924
"ALUM",77,"Canada","NHLAA","TOR","FWD",575
"ALUM",76,"Canada","NHLAA","TOR","FWD",1582
"ALUM",75,"Sweden","NHLAA","TOR","FWD",1110
"ALUM",82,"Canada","NHLAA","VAN","FWD",2188
"ALUM",80,"Canada","NHLAA","VAN","FWD",2174
"ALUM",80,"Canada","NHLAA","VAN","FWD",82
"ALUM",79,"Canada","NHLAA","VAN","FWD",803
"ALUM",78,"Denmark","NHLAA","VAN","FWD",968
"ALUM",76,"Canada","NHLAA","MIN","FWD",212
"ALUM",80,"USA","NHLAA","OTT","FWD",2046
"ALUM",80,"Canada","NHLAA","PHI","FWD",1871
"ALUM",82,"Canada","NHLAA","STL","FWD",1816
"ALUM",81,"USA","NHLAA","STL","FWD",529
"ALUM",75,"Canada","NHLAA","STL","FWD",950
"ALUM",80,"Ukraine","NHLAA","TBL","FWD",1923
"ALUM",80,"Canada","NHLAA","TOR","FWD",2111
"ALUM",75,"Canada","NHLAA","TOR","FWD",690
"ALUM",76,"Canada","NHLAA","VAN","FWD",787
"ALUM",75,"Finland","NHLAA","VAN","FWD",976
"ALUM",84,"Slovakia","NHLAA","WSH","FWD",1791
"ALUM",79,"USA","NHLAA","WSH","FWD",218
"ALUM",78,"Canada","NHLAA","WSH","FWD",467
"ALUM",83,"Sweden","NHLAA","WPG","FWD",2147
"ALUM",81,"Canada","NHLAA","MTL","FWD",656
"ALUM",78,"Lithuania","NHLAA","NJD","FWD",478
"ALUM",77,"Canada","NHLAA","MTL","FWD",2083
"ALUM",75,"Canada","NHLAA","NYI","FWD",1224
"ALUM",85,"Canada","NHLAA","PHI","FWD",219
"ALUM",82,"Canada","NHLAA","SJS","FWD",1745
"ALUM",79,"Canada","NHLAA","STL","FWD",203
"ALUM",79,"USA","NHLAA","TBL","FWD",1937
"ALUM",78,"Canada","NHLAA","TBL","FWD",510
"ALUM",82,"Canada","NHLAA","TOR","FWD",517
"ALUM",80,"Canada","NHLAA","TOR","FWD",2278
"ALUM",80,"Canada","NHLAA","TOR","FWD",368
"ALUM",76,"Canada","NHLAA","TOR","FWD",2149
"ALUM",84,"Sweden","NHLAA","VAN","FWD",498
"ALUM",84,"Sweden","NHLAA","VAN","FWD",834
"ALUM",83,"Sweden","NHLAA","VAN","FWD",1437
"ALUM",82,"Canada","NHLAA","VAN","FWD",2160
"ALUM",81,"Canada","NHLAA","VAN","FWD",266
"ALUM",77,"Canada","NHLAA","VAN","FWD",1458
"ALUM",76,"Canada","NHLAA","VAN","FWD",2032
"ALUM",83,"Canada","NHLAA","WSH","FWD",1579
"ALUM",82,"Canada","NHLAA","WSH","FWD",29
"ALUM",80,"Czechia","NHLAA","WSH","FWD",1565
"ALUM",78,"Canada","NHLAA","WSH","FWD",1833
"ALUM",76,"USA","NHLAA","WSH","FWD",381
"ALUM",84,"Canada","NHLAA","WPG","FWD",481
"ALUM",82,"Canada","NHLAA","WPG","FWD",1779
"ALUM",81,"Canada","NHLAA","WPG","FWD",2040
"ALUM",80,"Canada","NHLAA","WPG","FWD",1613
"ALUM",79,"Canada","NHLAA","WPG","FWD",1291
"ALUM",79,"USA","NHLAA","WPG","FWD",297
"ALUM",78,"Canada","NHLAA","WPG","FWD",109
"ALUM",78,"Sweden","NHLAA","WPG","FWD",2300
"ALUM",77,"Canada","NHLAA","WPG","FWD",1275
"ALUM",76,"Canada","NHLAA","WPG","FWD",1258
"ALUM",76,"USA","NHLAA","WPG","FWD",1039
"ALUM",75,"Canada","NHLAA","WPG","FWD",389
"CHEL",82,"Canada","NHLAA","EDM","FWD",782
"CHEL",82,"Canada","NHLAA","TOR","FWD",2149
"CHEL",82,"Canada","NHL","NYR","FWD",1500
"CHEL",80,"USA","NHLAA","CHI","FWD",636
"CHEL",83,"Canada","NHLAA","PIT","FWD",1772
"SPOT",85,"Canada","NHL","FLA","FWD",1966
"HH",84,"Canada","NHLAA","TOR","FWD",601
"ROOK",84,"Canada","NHL","PIT","FWD",2057
"XP",87,"Canada","NHL","SJS","FWD",1377
"CAP",85,"Russia","NHL","WSH","FWD",65
"CAP",85,"USA","NHL","OTT","FWD",246
"CAP",82,"Canada","NHL","CHI","FWD",443
"CAP",82,"Sweden","NHL","ANA","FWD",1295
"CHEL",85,"Canada","NHL","WSH","FWD",2167
"XP",83,"USA","NHL","SEA","FWD",1514
"XP",81,"USA","NHL","SEA","FWD",1514
"XP",80,"USA","NHL","SEA","FWD",1514
"XP",82,"USA","NHL","SEA","FWD",1514
"XP",85,"USA","NHL","SEA","FWD",1514
"XP",84,"USA","NHL","SEA","FWD",1514
"XP",83,"USA","NHL","SJS","FWD",2283
"XP",82,"USA","NHL","SJS","FWD",2283
"XP",81,"USA","NHL","SJS","FWD",2283
"XP",80,"USA","NHL","SJS","FWD",2283
"XP",84,"USA","NHL","SJS","FWD",2283
"XP",85,"USA","NHL","SJS","FWD",2283
"ROOK",83,"Canada","NHL","SJS","FWD",1377
"TOTW",85,"Slovakia","NHL","MTL","FWD",1171
"TOTW",82,"Canada","NHL","PHI","FWD",2225
"TOTW",82,"Austria","NHL","MIN","FWD",1400
"CAP",85,"USA","NHL","NYR","FWD",880
"ICON",86,"Canada","NHLAA","COL","FWD",1061
"GB",86,"Slovenia","NHL","LAK","FWD",143
"GB",85,"USA","NHL","LAK","FWD",616
"GB",86,"USA","NHL","ANA","FWD",2200
"GB",84,"Canada","NHL","CHI","FWD",2212
"GB",85,"Canada","NHL","EDM","FWD",1943
"GB",84,"Czechia","NHL","NJD","FWD",1767
"GB",80,"Canada","NHL","SJS","FWD",176
"TOTW",85,"Sweden","NHL","VAN","FWD",650
"TOTW",82,"USA","NHL","CGY","FWD",1478
"TOTW",82,"Russia","NHL","PHI","FWD",1670
"HUTC",85,"Canada","NHLAA","CHI","FWD",675
"HUTC",85,"Canada","NHLAA","WSH","FWD",29
"HUTC",85,"Sweden","NHLAA","DET","FWD",836
"HUTC",86,"Sweden","NHLAA","DET","FWD",836
"FANT",89,"Canada","NHL","WSH","FWD",122
"FANT",89,"Canada","NHL","CAR","FWD",2121
"FANT",86,"Czechia","NHL","NJD","FWD",1722
"FANT",89,"Finland","NHL","FLA","FWD",134
"FANT",86,"Czechia","NHL","VAN","FWD",725
"FANT",84,"Canada","NHL","MTL","FWD",264
"FANT",89,"Sweden","NHL","CHI","FWD",98
"FANT",86,"Canada","NHL","PHI","FWD",2015
"FANT",85,"USA","NHL","DET","FWD",953
"FANT",86,"Canada","NHL","NYI","FWD",1463
"FANT",87,"Canada","NHL","OTT","FWD",618
"FANT",81,"Denmark","NHL","TBL","FWD",1710
"FANT",85,"Canada","NHL","NYR","FWD",88
"FANT",83,"Canada","NHL","STL","FWD",261
"FANT",83,"Canada","NHL","EDM","FWD",110
"FANT",81,"Canada","NHL","DAL","FWD",954
"FANT",86,"USA","NHL","CGY","FWD",202
"FANT",83,"Czechia","NHL","BOS","FWD",1784
"FANT",76,"Canada","NHL","ANA","FWD",62
"FANT",85,"USA","NHL","UTA","FWD",1653
"FANT",78,"Russia","NHL","LAK","FWD",103
"XP",85,"USA","NHL","VAN","FWD",454
"XP",85,"Sweden","NHL","SJS","FWD",2286
"XP",85,"Canada","NHL","SEA","FWD",366
"TOTW",82,"Canada","NHL","BOS","FWD",744
"TOTW",82,"Canada","NHL","EDM","FWD",1502
"TOTW",85,"Canada","NHL","VGK ","FWD",1602
"HUTC",86,"Sweden","NHLAA","OTT","FWD",492
"HUTC",85,"Sweden","NHLAA","OTT","FWD",492
"CHEL",85,"Canada","NHL","WPG","FWD",1432
"CHEL",85,"Sweden","NHL","COL","FWD",761
"CHEL",82,"USA","NHL","COL","FWD",306
"CHEL",82,"USA","NHL","CBJ","FWD",369
"CHEL",83,"USA","NHL","ANA","FWD",476
"CHEL",83,"Canada","NHL","CAR","FWD",1333
"CHEL",83,"Austria","NHL","DET","FWD",1399
"HUTC",86,"Czechia","NHL","COL","FWD",1597
"HUTC",85,"Czechia","NHL","COL","FWD",1597
"TOTW",83,"Canada","NHL","WSH","FWD",831
"TOTW",83,"Canada","NHL","MTL","FWD",1247
"TOTW",86,"USA","NHL","BUF","FWD",2115
"CHEL",81,"Canada","NHL","WSH","FWD",122
"CHEL",80,"USA","NHL","TOR","FWD",479
"CHEL",84,"Canada","NHL","WPG","FWD",425
"SPOT",86,"Germany","NHL","EDM","FWD",1299
"HH",86,"Canada","NHLAA","WSH","FWD",1579
"ROOK",86,"Canada","NHL","TBL","FWD",2104
"CAP",86,"Sweden","NHL","NYR","FWD",1568
"CAP",86,"Canada","NHL","EDM","FWD",448
"ICON",87,"Canada","NHLAA","PHI","FWD",676
"GB",80,"USA","NHL","COL","FWD",777
"GB",82,"Czechia","NHL","EDM","FWD",546
"GB",82,"Canada","NHL","TOR","FWD",2005
"GB",83,"USA","NHL","CHI","FWD",741
"GB",83,"Canada","NHL","NYI","FWD",1118
"GB",87,"Czechia","NHL","COL","FWD",1447
"GB",86,"Canada","NHL","VGK ","FWD",1434
"HUTC",85,"Slovakia","NHLAA","WSH","FWD",1791
"HUTC",86,"Slovakia","NHLAA","WSH","FWD",1791
"TOTW",83,"Belarus","NHL","WSH","FWD",90
"TOTW",83,"Sweden","NHL","BOS","FWD",649
"TOTW",86,"USA","NHL","MIN","FWD",1493
"TOTW",86,"USA","NHL","DET","FWD",623
"TOTW",83,"USA","NHL","UTA","FWD",1653
"TOTW",83,"USA","NHL","BUF","FWD",1150
"HUTC",87,"Canada","NHL","EDM","FWD",1954
"HUTC",86,"Canada","NHL","EDM","FWD",1954
"GB",81,"USA","NHL","BOS","FWD",1554
"GB",82,"Sweden","NHL","NYI","FWD",662
"GB",83,"Sweden","NHL","CGY","FWD",1570
"GB",84,"USA","NHL","BUF","FWD",986
"GB",85,"Canada","NHL","STL","FWD",935
"GB",85,"Canada","NHL","OTT","FWD",609
"GB",86,"Canada","NHL","NSH","FWD",1944
"GB",87,"USA","NHL","UTA","FWD",1327
"TOTW",83,"Canada","NHL","UTA","FWD",621
"TOTW",83,"Canada","NHL","BOS","FWD",1610
"TOTW",86,"Russia","NHL","PIT","FWD",711
"HUTC",86,"Canada","NHL","CGY","FWD",977
"HUTC",86,"Canada","NHL","STL","FWD",1816
"HUTC",86,"Canada","NHL","LAK","FWD",1340
"HUTC",87,"Canada","NHL","LAK","FWD",1340
"SOTM",87,"USA","NHL","VGK ","FWD",888
"SOTM",86,"USA","NHL","VAN","FWD",1245
"SOTM",85,"Finland","Liiga","JYP","FWD",1995
"SOTM",85,"Canada","QMJHL","TNR","FWD",1182
"SOTM",85,"Sweden","HA","AIK","FWD",1730
"SOTM",85,"Canada","OHL","HAM","FWD",936
"SOTM",85,"USA","AHL","PRO","FWD",1883
"SOTM",85,"Canada","ECHL","TKM","FWD",2072
"HUTC",87,"Canada","NHLAA","SJS","FWD",1764
"HUTC",86,"Canada","NHLAA","SJS","FWD",1764
"TOTW",83,"USA","NHL","PIT","FWD",315
"TOTW",83,"Canada","NHL","NJD","FWD",548
"TOTW",86,"Switzerland","NHL","SJS","FWD",1807
"SOTM",85,"Finland","WHL","EVT","FWD",1170
"NG",87,"Russia","NHL","MTL","FWD",872
"NG",87,"USA","NHL","STL","FWD",1044
"NG",86,"Canada","QMJHL","BLB","FWD",2259
"NG",86,"Canada","WHL","KEL","FWD",2150
"NG",86,"Canada","NHL","ANA","FWD",179
"NG",86,"Canada","NHL","SEA","FWD",2044
"NG",85,"Canada","WHL","PG","FWD",2131
"NG",85,"USA","NHL","FLA","FWD",1376
"NG",84,"Canada","NHL","BUF","FWD",2326
"NG",84,"Canada","QMJHL","BLB","FWD",1174
"NG",84,"Canada","WHL","MJ","FWD",1372
"NG",83,"Canada","OHL","NIA","FWD",1238
"NG",83,"Slovakia","NHL","CGY","FWD",1985
"NG",83,"Canada","NHL","SEA","FWD",1960
"NG",82,"Finland","AHL","MIL","FWD",1049
"NG",82,"Canada","QMJHL","CHA","FWD",1627
"NG",82,"Canada","OHL","SOO","FWD",244
"NG",82,"Canada","WHL","BDN","FWD",1368
"NG",82,"Canada","NHL","BUF","FWD",2228
"NG",83,"Norway","AHL","GR","FWD",1549
"NG",83,"Canada","NHL","SEA","FWD",193
"NG",84,"USA","NHL","CHI","FWD",741
"NG",84,"Canada","OHL","GUE","FWD",1031
"NG",85,"Czechia","NHL","BUF","FWD",1047
"NG",86,"Canada","NHL","MTL","FWD",64
"NG",82,"Canada","WHL","EDM","FWD",1360
"NG",83,"Canada","WHL","KEL","FWD",2043
"NG",84,"Canada","QMJHL","BLB","FWD",1481
"NG",85,"Czechia","OHL","HAM","FWD",10
"NG",86,"Canada","OHL","OS","FWD",2195
"GB",82,"Canada","NHL","COL","FWD",1331
"GB",82,"Canada","NHL","NYI","FWD",1495
"GB",83,"Finland","NHL","MTL","FWD",1713
"GB",84,"USA","NHL","PIT","FWD",2146
"GB",85,"Canada","NHL","CGY","FWD",1120
"GB",85,"Canada","NHL","STL","FWD",1894
"GB",86,"Canada","NHL","SEA","FWD",971
"GB",87,"Canada","NHL","MTL","FWD",1657
"NG",82,"Canada","QMJHL","VDO","FWD",1624
"NG",83,"Canada","OHL","SBY","FWD",1246
"NG",84,"Canada","OHL","WSR","FWD",695
"NG",85,"Canada","WHL","VAN","FWD",343
"NG",86,"USA","QMJHL","ROU","FWD",2148
"NG",82,"Russia","NHL","NSH","FWD",716
"NG",83,"Finland","NHL","VAN","FWD",6
"NG",83,"Canada","NHL","CHI","FWD",439
"NG",84,"Austria","NHL","DET","FWD",1399
"NG",86,"Canada","AHL","TOR","FWD",633
"HUTC",87,"USA","NHLAA","NYI","FWD",1759
"HUTC",86,"USA","NHLAA","NYI","FWD",1759
"TOTW",84,"Canada","NHL","VAN","FWD",710
"TOTW",84,"Sweden","NHL","MIN","FWD",1403
"TOTW",84,"USA","NHL","EDM","FWD",898
"NG",82,"Canada","QMJHL","CHI","FWD",1538
"NG",82,"Canada","WHL","REG","FWD",1169
"NG",83,"Canada","QMJHL","CHA","FWD",1918
"NG",84,"Canada","OHL","BAR","FWD",419
"NG",85,"Canada","WHL","PG","FWD",1256
"NG",85,"Canada","QMJHL","BLB","FWD",1462
"NG",86,"Canada","OHL","OS","FWD",825
"NG",86,"Canada","WHL","KAM","FWD",1623
"NG",82,"Finland","NHL","WPG","FWD",232
"NG",82,"Finland","NHL","LAK","FWD",1984
"NG",83,"Canada","AHL","IA","FWD",849
"NG",83,"Canada","NHL","BOS","FWD",744
"NG",84,"Canada","AHL","SYR","FWD",455
"NG",85,"Canada","NHL","CBJ","FWD",1229
"NG",86,"USA","NHL","CAR","FWD",902
"NG",87,"Finland","NHL","PIT","FWD",2252
"NG",87,"USA","NHL","WSH","FWD",1933
"NG",87,"Canada","NHL","SJS","FWD",1559
"NG",88,"Canada","OHL","NIA","FWD",1949
"NG",84,"Canada","OHL","OSH","FWD",1744
"NG",85,"Sweden","NHL","NYI","FWD",662
"NG",84,"Czechia","OHL","PBO","FWD",28
"NG",85,"Canada","NHL","VGK ","FWD",247
"NG",86,"Canada","NHL","PIT","FWD",190
"NG",82,"Sweden","AHL","IA","FWD",1307
"NG",83,"Russia","AHL","CGY","FWD",1515
"NG",83,"Russia","NHL","PHI","FWD",1670
"NG",84,"Sweden","NHL","VAN","FWD",1122
"NG",85,"USA","NHL","ANA","FWD",476
"NG",86,"Canada","NHL","CBJ","FWD",15
"NG",83,"Czechia","WHL","EDM","FWD",1524
"NG",83,"Canada","OHL","BAR","FWD",231
"NG",84,"Canada","QMJHL","VDO","FWD",1539
"NG",84,"Canada","OHL","HAM","FWD",1410
"NG",85,"Canada","QMJHL","VDO","FWD",1810
"NG",86,"Canada","WHL","BDN","FWD",987
"NG",82,"USA","NHL","COL","FWD",777
"HUTC",87,"USA","NHLAA","PHI","FWD",1092
"HUTC",88,"USA","NHLAA","PHI","FWD",1092
"HUTC",87,"Canada","NHLAA","WPG","FWD",2040
"HUTC",87,"Finland","NHLAA","FLA","FWD",1719
"TOTW",84,"Sweden","NHL","BUF","FWD",869
"TOTW",87,"USA","NHL","DAL","FWD",984
"TOTW",84,"USA","NHL","NYR","FWD",2260
"NG",83,"Canada","AHL","LAV","FWD",1743
"NG",85,"Canada","NHL","CAR","FWD",1333
"COM",88,"USA","NHL","TBL","FWD",931
"COM",88,"USA","NHL","DET","FWD",623
"COM",88,"USA","NHL","BUF","FWD",2115
"COM",87,"Sweden","NHL","ANA","FWD",1295
"COM",87,"Canada","NHL","BOS","FWD",1610
"COM",86,"USA","NHL","ANA","FWD",476
"COM",84,"USA","NHL","BOS","FWD",1425
"COM",83,"Russia","NHL","BOS","FWD",1390
"COM",83,"Canada","NHL","ANA","FWD",62
"CAP",85,"Canada","NHL","PHI","FWD",2015
"CAP",85,"Denmark","NHL","TBL","FWD",1710
"ROOK",88,"Canada","NHL","NYI","FWD",1099
"HH",88,"Canada","NHLAA","PHI","FWD",1431
"ICON",89,"Canada","NHLAA","EDM","FWD",2276
"XP",84,"Sweden","NHL","DET","FWD",1349
"XP",85,"Sweden","NHL","DET","FWD",1349
"XP",86,"Sweden","NHL","DET","FWD",1349
"XP",87,"Sweden","NHL","DET","FWD",1349
"XP",88,"Sweden","NHL","DET","FWD",1349
"XP",89,"Sweden","NHL","DET","FWD",1349
"XP",91,"Sweden","NHL","TOR","FWD",2291
"XP",89,"USA","NHL","DET","FWD",879
"XP",89,"Canada","NHL","MTL","FWD",1247
"XP",89,"USA","NHL","TOR","FWD",1637
"XP",84,"Slovakia","NHL","MTL","FWD",1171
"XP",86,"Slovakia","NHL","MTL","FWD",1171
"XP",85,"Slovakia","NHL","MTL","FWD",1171
"XP",87,"Slovakia","NHL","MTL","FWD",1171
"XP",88,"Slovakia","NHL","MTL","FWD",1171
"XP",89,"Slovakia","NHL","MTL","FWD",1171
"SPOT",88,"USA","NHL","CHI","FWD",1763
"SPOT",88,"USA","NHL","NYR","FWD",1763
"SPOT",88,"USA","NHL","DET","FWD",1763
"CHEL",87,"Slovakia","NHL","CHI","FWD",1413
"CHEL",87,"Canada","NHL","DET","FWD",794
"CHEL",88,"Czechia","NHL","NYR","FWD",978
"CHEL",84,"Canada","NHL","DET","FWD",1562
"CHEL",84,"Canada","NHL","NYR","FWD",115
"CHEL",84,"Russia","NHL","CHI","FWD",858
"COM",83,"Russia","NHL","MIN","FWD",2314
"COM",83,"Sweden","NHL","OTT","FWD",715
"COM",84,"Canada","NHL","OTT","FWD",1574
"COM",85,"Germany","NHL","MIN","FWD",1662
"COM",85,"USA","NHL","MIN","FWD",1401
"COM",87,"Canada","NHL","OTT","FWD",1642
"CHEL",85,"Canada","NHLAA","DET","FWD",1251
"CHEL",85,"Canada","NHLAA","DET","FWD",514
"CHEL",85,"Canada","NHLAA","DET","FWD",1257
"FANT",89,"USA","PWHL","SEA","FWD",819
"FANT",88,"Canada","PWHL","OTT","FWD",667
"FANT",88,"USA","PWHL","MTL","FWD",2054
"FANT",88,"USA","PWHL","MIN","FWD",2122
"FANT",88,"Canada","PWHL","VAN","FWD",308
"FANT",88,"Canada","PWHL","BOS","FWD",959
"FANT",87,"Canada","PWHL","NY","FWD",1996
"FANT",86,"Canada","PWHL","TOR","FWD",519
"CHEL",83,"Russia","NHL","DET","FWD",2269
"CHEL",82,"Canada","NHL","CHI","FWD",114
"CHEL",86,"Canada","NHL","DET","FWD",239
"CHEL",86,"Canada","NHL","NYR","FWD",239
"CHEL",86,"Canada","NHL","CHI","FWD",239
"HUTC",88,"Canada","NHL","MTL","FWD",833
"HUTC",87,"Canada","NHL","MTL","FWD",833
"COM",83,"Canada","NHL","DAL","FWD",1973
"COM",84,"Canada","NHL","PIT","FWD",446
"COM",84,"USA","NHL","PIT","FWD",1237
"COM",85,"Canada","NHL","DAL","FWD",2306
"COM",86,"USA","NHL","PIT","FWD",315
"COM",87,"Canada","NHL","DAL","FWD",954
"TOTW",88,"Switzerland","NHL","NJD","FWD",1660
"TOTW",85,"USA","NHL","WSH","FWD",704
"TOTW",85,"USA","NHL","CGY","FWD",1478
"COM",88,"Sweden","NHL","NSH","FWD",727
"COM",88,"Sweden","NHL","SJS","FWD",2286
"COM",83,"Canada","NHL","CBJ","FWD",1469
"COM",88,"Sweden","NHL","LAK","FWD",35
"COM",83,"Canada","NHL","COL","FWD",1755
"COM",84,"USA","NHL","CBJ","FWD",369
"COM",85,"Sweden","NHL","COL","FWD",2244
"COM",85,"USA","NHL","COL","FWD",306
"COM",87,"Russia","NHL","CBJ","FWD",583
"COM",87,"Denmark","NHL","TBL","FWD",1710
"COM",87,"Canada","NHL","WPG","FWD",27
"COM",87,"USA","NHL","PHI","FWD",2191
"COM",86,"Canada","NHL","VGK ","FWD",1859
"COM",85,"Canada","NHL","VGK ","FWD",281
"COM",85,"Canada","NHL","PHI","FWD",1749
"COM",84,"Canada","NHL","TBL","FWD",2316
"COM",84,"USA","NHL","WPG","FWD",59
"COM",83,"USA","NHL","PHI","FWD",392
"COM",83,"Switzerland","NHL","WPG","FWD",1690
"COM",83,"Canada","NHL","TBL","FWD",941
"COM",83,"Canada","NHL","VGK ","FWD",426
"COM",83,"Russia","NHL","NJD","FWD",712
"COM",83,"Sweden","NHL","EDM","FWD",1510
"COM",85,"Canada","NHL","EDM","FWD",1502
"COM",85,"Russia","NHL","EDM","FWD",2237
"COM",87,"Sweden","NHL","NJD","FWD",1020
"NG",89,"Belarus","NHL","WSH","FWD",90
"NG",87,"Canada","QMJHL","QUE","FWD",1378
"GB",83,"USA","NHL","PHI","FWD",1691
"GB",84,"Finland","NHL","NSH","FWD",683
"GB",85,"Finland","NHL","LAK","FWD",1066
"GB",86,"USA","NHL","CGY","FWD",1069
"GB",86,"USA","NHL","BUF","FWD",1135
"GB",87,"Canada","NHL","SEA","FWD",1456
"GB",89,"Finland","NHL","CAR","FWD",2025
"BA",84,"USA","NHL","ANA","FWD",2200
"BA",77,"USA","NHL","ANA","FWD",476
"BA",75,"USA","NHL","ANA","FWD",1672
"BA",81,"USA","NHL","ANA","FWD",383
"BA",78,"USA","NHL","ANA","FWD",742
"BA",79,"USA","NHL","ANA","FWD",1946
"BA",78,"USA","NHL","BOS","FWD",361
"BA",76,"USA","NHL","BOS","FWD",1086
"BA",76,"USA","NHL","BOS","FWD",1554
"BA",76,"USA","NHL","BOS","FWD",2020
"BA",76,"USA","NHL","BOS","FWD",1425
"BA",75,"USA","NHL","BOS","FWD",1761
"BA",82,"USA","NHL","BUF","FWD",70
"BA",80,"USA","NHL","BUF","FWD",1157
"BA",80,"USA","NHL","BUF","FWD",986
"BA",83,"USA","NHL","BUF","FWD",2115
"FI",84,"USA","NHL","FLA","FWD",1506
"FI",80,"USA","NHL","DET","FWD",1453
"FI",79,"USA","NHL","CHI","FWD",741
"BA",79,"USA","NHL","CGY","FWD",202
"BA",79,"USA","NHL","CGY","FWD",1069
"BA",77,"USA","NHL","CGY","FWD",1478
"BA",77,"USA","NHL","CAR","FWD",677
"BA",75,"USA","NHL","CAR","FWD",902
"BA",83,"USA","NHL","CHI","FWD",1927
"BA",78,"USA","NHL","CHI","FWD",1644
"BA",76,"USA","NHL","CHI","FWD",1970
"BA",76,"USA","NHL","CHI","FWD",741
"BA",75,"USA","NHL","CHI","FWD",1277
"BA",75,"USA","NHL","CHI","FWD",589
"BA",80,"USA","NHL","COL","FWD",306
"BA",79,"USA","NHL","COL","FWD",1919
"BA",77,"USA","NHL","COL","FWD",887
"BA",79,"USA","NHL","CBJ","FWD",369
"BA",77,"USA","NHL","CBJ","FWD",1598
"BA",76,"USA","NHL","CBJ","FWD",2325
"BA",83,"USA","NHL","DAL","FWD",984
"BA",76,"USA","NHL","DAL","FWD",430
"BA",83,"USA","NHL","DET","FWD",623
"BA",82,"USA","NHL","DET","FWD",55
"BA",81,"USA","NHL","DET","FWD",1763
"BA",78,"USA","NHL","DET","FWD",1453
"BA",77,"USA","NHL","DET","FWD",879
"BA",77,"USA","NHL","DET","FWD",108
"BA",77,"USA","NHL","DET","FWD",953
"BA",75,"USA","NHL","DET","FWD",166
"BA",76,"USA","NHL","EDM","FWD",2186
"BA",76,"USA","NHL","EDM","FWD",1527
"BA",83,"USA","NHL","FLA","FWD",1506
"BA",76,"USA","NHL","FLA","FWD",1376
"BA",80,"USA","NHL","LAK","FWD",2189
"BA",78,"USA","NHL","LAK","FWD",71
"BA",77,"USA","NHL","LAK","FWD",63
"BA",84,"USA","NHL","MIN","FWD",1493
"BA",79,"USA","NHL","MIN","FWD",1401
"BA",78,"USA","NHL","MIN","FWD",1931
"BA",75,"USA","NHL","MIN","FWD",2262
"BA",83,"USA","NHL","MTL","FWD",420
"BA",76,"USA","NHL","NSH","FWD",1558
"BA",75,"USA","NHL","NSH","FWD",429
"BA",84,"USA","NHL","NJD","FWD",890
"BA",79,"USA","NHL","NJD","FWD",2082
"BA",77,"USA","NHL","NJD","FWD",1774
"BA",80,"USA","NHL","NYI","FWD",97
"BA",78,"USA","NHL","NYI","FWD",1272
"BA",75,"USA","NHL","NYI","FWD",1392
"BA",75,"USA","NHL","NYI","FWD",1268
"BA",83,"USA","NHL","NYR","FWD",880
"BA",82,"USA","NHL","NYR","FWD",2260
"BA",77,"USA","NHL","NYR","FWD",1128
"BA",83,"USA","NHL","OTT","FWD",246
"BA",79,"USA","NHL","OTT","FWD",2042
"BA",78,"USA","NHL","OTT","FWD",150
"BA",80,"USA","NHL","PHI","FWD",217
"BA",79,"USA","NHL","PHI","FWD",2191
"BA",78,"USA","NHL","PHI","FWD",392
"BA",77,"USA","NHL","PHI","FWD",1691
"BA",81,"USA","NHL","PIT","FWD",315
"BA",76,"USA","NHL","PHI","FWD",766
"BA",76,"USA","NHL","PIT","FWD",1701
"BA",77,"USA","NHL","PIT","FWD",1925
"BA",78,"USA","NHL","PIT","FWD",205
"BA",78,"USA","NHL","PIT","FWD",2146
"BA",79,"USA","NHL","PIT","FWD",1237
"BA",76,"USA","NHL","SJS","FWD",18
"BA",75,"USA","NHL","SJS","FWD",438
"BA",81,"USA","NHL","SEA","FWD",1514
"BA",75,"USA","NHL","SEA","FWD",1090
"BA",77,"USA","NHL","STL","FWD",1639
"BA",83,"USA","NHL","TBL","FWD",931
"BA",76,"USA","NHL","TBL","FWD",1603
"BA",84,"USA","NHL","TOR","FWD",167
"BA",81,"USA","NHL","TOR","FWD",1496
"BA",77,"USA","NHL","TOR","FWD",479
"BA",76,"USA","NHL","TOR","FWD",1637
"BA",75,"USA","NHL","TOR","FWD",2261
"BA",84,"USA","NHL","UTA","FWD",414
"BA",82,"USA","NHL","UTA","FWD",1327
"BA",81,"USA","NHL","UTA","FWD",1653
"BA",75,"USA","NHL","UTA","FWD",1196
"BA",82,"USA","NHL","VAN","FWD",304
"BA",81,"USA","NHL","VAN","FWD",454
"BA",79,"USA","NHL","VAN","FWD",1245
"BA",76,"USA","NHL","VAN","FWD",613
"BA",75,"USA","NHL","VAN","FWD",1534
"BA",80,"USA","NHL","SJS","FWD",2283
"BA",84,"USA","NHL","VGK ","FWD",888
"BA",77,"USA","NHL","VGK ","FWD",254
"BA",76,"USA","NHL","WSH","FWD",1636
"BA",76,"USA","NHL","WSH","FWD",250
"BA",75,"USA","NHL","WSH","FWD",704
"BA",75,"USA","NHL","WSH","FWD",2073
"BA",84,"USA","NHL","WPG","FWD",1266
"BA",78,"USA","NHL","WPG","FWD",59
"BA",76,"USA","NHL","WPG","FWD",423
"FI",83,"USA","NHL","ANA","FWD",383
"BA",79,"USA","PWHL","BOS","FWD",820
"BA",77,"USA","PWHL","BOS","FWD",2047
"BA",76,"USA","PWHL","BOS","FWD",1324
"BA",76,"USA","PWHL","MIN","FWD",593
"BA",76,"USA","PWHL","MIN","FWD",1210
"BA",76,"USA","PWHL","MIN","FWD",407
"BA",77,"USA","PWHL","MIN","FWD",302
"BA",79,"USA","PWHL","MIN","FWD",1223
"BA",81,"USA","PWHL","MIN","FWD",796
"BA",81,"USA","PWHL","MIN","FWD",2122
"BA",82,"USA","PWHL","MIN","FWD",1228
"BA",76,"USA","PWHL","MTL","FWD",2054
"BA",77,"USA","PWHL","MTL","FWD",509
"BA",79,"USA","PWHL","MTL","FWD",828
"BA",80,"USA","PWHL","MTL","FWD",8
"BA",80,"USA","PWHL","MTL","FWD",1519
"BA",76,"USA","PWHL","NY","FWD",2000
"BA",77,"USA","PWHL","NY","FWD",1751
"BA",77,"USA","PWHL","NY","FWD",655
"BA",77,"USA","PWHL","NY","FWD",2120
"BA",76,"USA","PWHL","OTT","FWD",1387
"BA",79,"USA","PWHL","OTT","FWD",754
"BA",76,"USA","PWHL","TOR","FWD",406
"BA",77,"USA","PWHL","TOR","FWD",121
"BA",79,"USA","PWHL","TOR","FWD",1024
"BA",83,"USA","EA","SEA","FWD",839
"BA",81,"USA","EA","SEA","FWD",819
"BA",81,"USA","EA","SEA","FWD",54
"BA",76,"USA","EA","SEA","FWD",1617
"BA",77,"USA","EA","VAN","FWD",755
"BA",77,"USA","EA","VAN","FWD",876
"BA",77,"USA","EA","VAN","FWD",7
"FI",79,"USA","NHL","BUF","FWD",1150
"TRAN",85,"USA","NHL","CAR","FWD",902
"CMG",82,"USA","NHL","OTT","FWD",2042
"CMG",85,"USA","NHL","VGK ","FWD",888
"CMG",83,"USA","NHL","ANA","FWD",742
"CMG",85,"USA","NHL","TOR","FWD",167
"CMG",80,"USA","NHL","CHI","FWD",1970
"CMG",80,"USA","NHL","FLA","FWD",1376
"CMG",83,"USA","NHL","VAN","FWD",1245
"CMG",85,"USA","NHL","FLA","FWD",1506
"CMG",78,"USA","NHL","WSH","FWD",250
"CMG",78,"USA","NHL","PIT","FWD",1701
"CMG",83,"USA","NHL","BUF","FWD",1157
"CMG",84,"USA","NHL","MTL","FWD",420
"CMG",84,"USA","NHL","TBL","FWD",931
"MARQ",82,"USA","NHL","PHI","FWD",217
"MARQ",80,"USA","NHL","WPG","FWD",59
"MARQ",85,"USA","NHL","NJD","FWD",890
"BA",77,"USA","AHL","ABB","FWD",1374
"BA",76,"USA","AHL","ABB","FWD",579
"BA",76,"USA","AHL","ABB","FWD",1622
"BA",76,"USA","AHL","ABB","FWD",1098
"BA",75,"USA","AHL","ABB","FWD",1145
"BA",77,"USA","AHL","BAK","FWD",1861
"BA",77,"USA","AHL","BAK","FWD",913
"BA",76,"USA","AHL","BEL","FWD",2305
"BA",77,"USA","AHL","BEL","FWD",2213
"BA",78,"USA","AHL","BRI","FWD",896
"BA",76,"USA","AHL","BRI","FWD",60
"BA",75,"USA","AHL","BRI","FWD",338
"BA",78,"USA","AHL","CHA","FWD",1705
"BA",76,"USA","AHL","CHA","FWD",299
"BA",76,"USA","AHL","CHA","FWD",187
"BA",76,"USA","AHL","CHI","FWD",2071
"BA",76,"USA","AHL","CHI","FWD",1964
"BA",77,"USA","AHL","CLE","FWD",851
"BA",76,"USA","AHL","CLE","FWD",1907
"BA",76,"USA","AHL","CLE","FWD",1183
"BA",78,"USA","AHL","COA","FWD",186
"BA",77,"USA","AHL","COA","FWD",1532
"BA",78,"USA","AHL","COL","FWD",1433
"BA",77,"USA","AHL","COL","FWD",375
"BA",77,"USA","AHL","COL","FWD",777
"BA",77,"USA","AHL","COL","FWD",995
"BA",77,"USA","AHL","COL","FWD",982
"BA",76,"USA","AHL","COL","FWD",1634
"BA",76,"USA","AHL","COL","FWD",939
"BA",79,"USA","AHL","GR","FWD",350
"BA",77,"USA","AHL","GR","FWD",592
"BA",76,"USA","AHL","GR","FWD",1093
"BA",75,"USA","AHL","GR","FWD",356
"BA",77,"USA","AHL","COL","FWD",2114
"BA",77,"USA","AHL","CHI","FWD",1161
"BA",77,"USA","AHL","HFD","FWD",262
"BA",77,"USA","AHL","GR","FWD",2051
"BA",76,"USA","AHL","HFD","FWD",778
"BA",78,"USA","AHL","SA","FWD",2118
"BA",77,"USA","AHL","SA","FWD",1604
"BA",79,"USA","AHL","HER","FWD",1546
"BA",76,"USA","AHL","HER","FWD",799
"BA",78,"USA","AHL","IA","FWD",242
"BA",78,"USA","AHL","IA","FWD",2218
"BA",76,"USA","AHL","IA","FWD",1950
"BA",77,"USA","AHL","HFD","FWD",278
"BA",76,"USA","AHL","LAV","FWD",2018
"BA",78,"USA","AHL","LV","FWD",2001
"BA",77,"USA","AHL","LV","FWD",458
"BA",78,"USA","AHL","MB","FWD",2272
"BA",76,"USA","AHL","MB","FWD",1754
"BA",76,"USA","AHL","MB","FWD",323
"BA",76,"USA","AHL","MIL","FWD",1961
"BA",76,"USA","AHL","MIL","FWD",1244
"BA",77,"USA","AHL","ONT","FWD",422
"BA",76,"USA","AHL","ONT","FWD",1326
"BA",76,"USA","AHL","ONT","FWD",907
"BA",77,"USA","AHL","PRO","FWD",1878
"BA",77,"USA","AHL","PRO","FWD",68
"BA",76,"USA","AHL","PRO","FWD",1143
"BA",76,"USA","AHL","PRO","FWD",1089
"BA",76,"USA","AHL","PRO","FWD",1883
"BA",76,"USA","AHL","PRO","FWD",685
"BA",77,"USA","AHL","ROC","FWD",353
"BA",76,"USA","AHL","ROC","FWD",1151
"BA",76,"USA","AHL","ROC","FWD",922
"BA",76,"USA","AHL","ROC","FWD",798
"BA",76,"USA","AHL","ROC","FWD",268
"BA",79,"USA","AHL","RFD","FWD",1240
"BA",78,"USA","AHL","RFD","FWD",1076
"BA",76,"USA","AHL","RFD","FWD",903
"BA",76,"USA","AHL","RFD","FWD",779
"BA",76,"USA","AHL","RFD","FWD",451
"BA",77,"USA","AHL","SD","FWD",1926
"BA",76,"USA","AHL","SD","FWD",1162
"BA",76,"USA","AHL","SD","FWD",2181
"BA",77,"USA","AHL","SJ","FWD",1762
"BA",77,"USA","AHL","SJ","FWD",113
"BA",77,"USA","AHL","SJ","FWD",436
"BA",75,"USA","AHL","SJ","FWD",127
"BA",77,"USA","AHL","SPR","FWD",841
"BA",77,"USA","AHL","SPR","FWD",390
"BA",76,"USA","AHL","SPR","FWD",2116
"BA",76,"USA","AHL","SPR","FWD",626
"BA",77,"USA","AHL","SYR","FWD",1638
"BA",77,"USA","AHL","SYR","FWD",456
"BA",76,"USA","AHL","SYR","FWD",620
"BA",76,"USA","AHL","SYR","FWD",263
"BA",77,"USA","AHL","TEX","FWD",141
"BA",76,"USA","AHL","TEX","FWD",885
"BA",79,"USA","AHL","TOR","FWD",2179
"BA",76,"USA","AHL","TOR","FWD",1491
"BA",76,"USA","AHL","TOR","FWD",1393
"BA",77,"USA","AHL","TUC","FWD",1991
"BA",76,"USA","AHL","TUC","FWD",164
"BA",78,"USA","AHL","UTI","FWD",2143
"BA",77,"USA","AHL","UTI","FWD",293
"BA",77,"USA","AHL","UTI","FWD",1581
"BA",77,"USA","AHL","UTI","FWD",1394
"BA",77,"USA","AHL","UTI","FWD",1951
"BA",76,"USA","AHL","UTI","FWD",1057
"BA",76,"USA","AHL","UTI","FWD",892
"BA",76,"USA","AHL","UTI","FWD",630
"BA",79,"USA","AHL","WBS","FWD",1467
"BA",78,"USA","AHL","WBS","FWD",168
"BA",76,"USA","AHL","WBS","FWD",2194
"BA",75,"USA","AHL","WBS","FWD",36
"BA",76,"USA","AHL","SD","FWD",1998
"BA",76,"USA","AHL","UTI","FWD",1119
"MARQ",85,"USA","NHL","WPG","FWD",1266
"MARQ",84,"USA","ECHL","GRE","FWD",1330
"MARQ",83,"USA","ECHL","GRE","FWD",1765
"MARQ",84,"USA","NHL","VAN","FWD",304
"BA",78,"USA","SHL","BIF","FWD",891
"BA",78,"USA","SHL","BIF","FWD",2222
"BA",77,"USA","SHL","BIF","FWD",223
"BA",78,"USA","SHL","DIF","FWD",1062
"MARQ",85,"USA","NHL","UTA","FWD",414
"MARQ",82,"USA","NHL","ANA","FWD",1946
"BA",77,"USA","SHL","HV7","FWD",1181
"BA",77,"USA","SHL","LIF","FWD",1706
"BA",79,"USA","SHL","LHC","FWD",303
"BA",78,"USA","SHL","LHC","FWD",1656
"BA",77,"USA","SHL","LHF","FWD",298
"BA",78,"USA","SHL","ÖRE","FWD",2021
"BA",79,"USA","SHL","RBK","FWD",1205
"BA",78,"USA","SHL","VLH","FWD",625
"FACE",86,"USA","NHL","OTT","FWD",246
"FACE",86,"USA","NHL","FLA","FWD",1506
"FACE",84,"USA","NHL","LAK","FWD",2189
"FACE",83,"USA","NHL","EDM","FWD",2186
"FACE",83,"USA","NHL","LAK","FWD",63
"MARQ",80,"USA","NHL","MIN","FWD",2262
"MARQ",81,"USA","NHL","LAK","FWD",71
"MARQ",85,"USA","NHL","DET","FWD",55
"FACE",83,"USA","NHL","COL","FWD",887
"FACE",84,"USA","NHL","CHI","FWD",1644
"TRAN",81,"USA","NHL","NYR","FWD",456
"TRAN",82,"USA","NHL","EDM","FWD",898
"MARQ",85,"USA","NHL","CHI","FWD",254
"MARQ",80,"USA","NHL","WSH","FWD",2073
"CMG",82,"USA","NHL","BOS","FWD",2020
"FACE",83,"USA","NHL","NYR","FWD",1128
"FACE",84,"USA","NHL","OTT","FWD",150
"MARQ",84,"USA","NHL","STL","FWD",1044
"FACE",81,"USA","NHL","TBL","FWD",1603
"FACE",81,"USA","NHL","DET","FWD",879
"FACE",85,"USA","NHL","TOR","FWD",1496
"MARQ",86,"USA","NHL","VGK ","FWD",70
"FACE",85,"USA","NHL","OTT","FWD",2042
"FACE",84,"USA","NHL","NYI","FWD",97
"FACE",84,"USA","NHL","CGY","FWD",1069
"FACE",81,"USA","NHL","BOS","FWD",1086
"FACE",81,"USA","NHL","BUF","FWD",1135
"BEM",84,"USA","NHL","MIN","FWD",1931
"BEM",81,"USA","NHL","SJS","FWD",18
"BEM",81,"USA","NHL","NYI","FWD",1392
"BEM",81,"USA","NHL","NSH","FWD",1558
"BEM",85,"USA","NHL","DAL","FWD",984
"BEM",86,"USA","NHL","SJS","FWD",12
"BEM",86,"USA","NHL","SJS","FWD",438
"BEM",86,"USA","NHL","SJS","FWD",2173
"BEM",82,"USA","NHL","CBJ","FWD",1598
"BEM",81,"USA","NHL","CHI","FWD",589
"BEM",82,"USA","NHL","WSH","FWD",704
"BEM",82,"USA","NHL","PHI","FWD",766
"BEM",84,"USA","NHL","BOS","FWD",361
"BEM",82,"USA","NHL","DET","FWD",108
"BEM",82,"USA","NHL","FLA","FWD",1366
"BEM",81,"USA","NHL","DAL","FWD",430
"BEM",83,"USA","NHL","COL","FWD",1919
"FACE",83,"USA","NHL","CAR","FWD",677
"TRAN",86,"USA","NHL","OTT","FWD",2042
"BEM",84,"USA","PWHL","NY","FWD",655
"BEM",83,"USA","PWHL","MIN","FWD",593
"MARQ",85,"USA","PWHL","VAN","FWD",7
"CMG",87,"USA","PWHL","MIN","FWD",1223
"CMG",85,"USA","PWHL","MTL","FWD",828
"CMG",84,"USA","PWHL","NY","FWD",1751
"CMG",83,"USA","PWHL","OTT","FWD",1387
"FI",86,"USA","PWHL","TOR","FWD",1024
"CCAP",88,"USA","PWHL","MIN","FWD",1228
"CCAP",88,"USA","PWHL","SEA","FWD",839
"CCAP",88,"USA","NHL","BUF","FWD",70
"BEM",88,"USA","NHL","VAN","FWD",1245
"BA",80,"Sweden","NHL","ANA","FWD",1295
"BA",77,"Canada","NHL","ANA","FWD",62
"BA",76,"Canada","NHL","ANA","FWD",1920
"BA",75,"Canada","NHL","ANA","FWD",1968
"BA",75,"Canada","NHL","ANA","FWD",969
"BA",80,"Finland","NHL","ANA","FWD",1571
"BA",83,"Canada","NHL","ANA","FWD",1457
"FI",82,"Finland","NHL","ANA","FWD",1571
"BA",79,"Canada","NHL","ANA","FWD",1955
"BA",84,"Czechia","NHL","BOS","FWD",541
"BA",81,"Sweden","NHL","BOS","FWD",649
"BA",81,"Czechia","NHL","BOS","FWD",1784
"BA",80,"Canada","NHL","BOS","FWD",1610
"BA",77,"Sweden","NHL","BOS","FWD",2247
"BA",75,"Canada","NHL","BOS","FWD",2117
"BA",75,"Russia","NHL","BOS","FWD",1390
"BA",75,"Sweden","NHL","BOS","FWD",713
"BA",75,"Canada","NHL","BOS","FWD",744
"FI",84,"Canada","NHL","DAL","FWD",2219
"FI",83,"Denmark","NHL","CAR","FWD",1683
"FI",81,"Canada","NHL","NSH","FWD",1362
"FI",80,"Canada","NHL","MTL","FWD",1247
"FI",79,"Canada","NHL","PIT","FWD",125
"BA",83,"Canada","NHL","CGY","FWD",1120
"BA",83,"Canada","NHL","CGY","FWD",1632
"BA",79,"Belarus","NHL","CGY","FWD",2320
"BA",78,"Sweden","NHL","CGY","FWD",1570
"BA",78,"Slovakia","NHL","CGY","FWD",1448
"BA",77,"Canada","NHL","CGY","FWD",1936
"BA",77,"Canada","NHL","CGY","FWD",1609
"BA",77,"Canada","NHL","CGY","FWD",453
"BA",76,"Canada","NHL","CGY","FWD",614
"BA",75,"Canada","NHL","CGY","FWD",1180
"BA",75,"Czechia","NHL","CGY","FWD",25
"BA",84,"Finland","NHL","CAR","FWD",2025
"BA",83,"Canada","NHL","CAR","FWD",2035
"BA",82,"Russia","NHL","CAR","FWD",104
"BA",80,"Denmark","NHL","CAR","FWD",1683
"BA",80,"Canada","NHL","CAR","FWD",1333
"BA",79,"Canada","NHL","CAR","FWD",2121
"BA",78,"Finland","NHL","CAR","FWD",1023
"BA",78,"Canada","NHL","CAR","FWD",1138
"BA",78,"Canada","NHL","CAR","FWD",1141
"BA",76,"Canada","NHL","CAR","FWD",2285
"BA",76,"Canada","NHL","CAR","FWD",2227
"BA",75,"Canada","NHL","CAR","FWD",1424
"BA",82,"Finland","NHL","CHI","FWD",2135
"BA",81,"Canada","NHL","CHI","FWD",443
"BA",81,"Canada","NHL","CHI","FWD",2212
"BA",79,"Russia","NHL","CHI","FWD",858
"BA",79,"Germany","NHL","CHI","FWD",1358
"BA",78,"Canada","NHL","CHI","FWD",981
"BA",78,"Sweden","NHL","CHI","FWD",98
"BA",76,"Canada","NHL","CHI","FWD",439
"BA",85,"Canada","NHL","COL","FWD",1629
"BA",84,"Czechia","NHL","COL","FWD",1447
"BA",83,"Russia","NHL","COL","FWD",2234
"BA",82,"Sweden","NHL","COL","FWD",761
"BA",81,"Finland","NHL","COL","FWD",153
"BA",78,"Canada","NHL","COL","FWD",1331
"BA",76,"Canada","NHL","COL","FWD",1755
"BA",75,"Canada","NHL","COL","FWD",1489
"BA",83,"Russia","NHL","CBJ","FWD",1250
"BA",82,"Canada","NHL","CBJ","FWD",15
"BA",81,"Canada","NHL","CBJ","FWD",226
"BA",82,"Canada","NHL","CBJ","FWD",1229
"BA",81,"Canada","NHL","CBJ","FWD",2022
"BA",79,"Russia","NHL","CBJ","FWD",2319
"BA",78,"Canada","NHL","CBJ","FWD",428
"BA",78,"Russia","NHL","CBJ","FWD",583
"BA",76,"Sweden","NHL","CBJ","FWD",867
"BA",76,"Canada","NHL","CBJ","FWD",1469
"BA",85,"Finland","NHL","DAL","FWD",1594
"BA",83,"Finland","NHL","DAL","FWD",1916
"BA",82,"Canada","NHL","DAL","FWD",1479
"BA",81,"Canada","NHL","DAL","FWD",2306
"BA",80,"Canada","NHL","DAL","FWD",2219
"BA",80,"Canada","NHL","DAL","FWD",954
"BA",77,"Czechia","NHL","DAL","FWD",1827
"BA",77,"Canada","NHL","DAL","FWD",1973
"BA",76,"Canada","NHL","DAL","FWD",1522
"BA",75,"Sweden","NHL","DAL","FWD",1731
"BA",84,"Sweden","NHL","DET","FWD",1349
"BA",78,"Austria","NHL","DET","FWD",1399
"BA",76,"Sweden","NHL","DET","FWD",1113
"BA",76,"Canada","NHL","DET","FWD",1562
"BA",76,"Sweden","NHL","DET","FWD",658
"BA",85,"Germany","NHL","EDM","FWD",1299
"BA",85,"Canada","NHL","EDM","FWD",448
"BA",83,"Canada","NHL","EDM","FWD",1943
"BA",82,"Canada","NHL","EDM","FWD",2331
"BA",79,"Canada","NHL","EDM","FWD",22
"BA",78,"Sweden","NHL","EDM","FWD",1510
"BA",78,"Canada","NHL","EDM","FWD",110
"BA",78,"Russia","NHL","EDM","FWD",2237
"BA",77,"Finland","NHL","EDM","FWD",1208
"BA",76,"Canada","NHL","EDM","FWD",473
"BA",81,"Finland","NHL","FLA","FWD",134
"BA",80,"Canada","NHL","FLA","FWD",1966
"BA",80,"Canada","NHL","FLA","FWD",234
"BA",79,"Canada","NHL","FLA","FWD",357
"BA",79,"Canada","NHL","FLA","FWD",708
"BA",78,"Finland","NHL","FLA","FWD",646
"BA",76,"Sweden","NHL","FLA","FWD",1018
"BA",76,"Canada","NHL","FLA","FWD",0
"BA",76,"Czechia","NHL","FLA","FWD",2169
"BA",75,"Canada","NHL","FLA","FWD",1107
"BA",85,"Finland","NHL","FLA","FWD",48
"BA",84,"Canada","NHL","FLA","FWD",1972
"BA",84,"Slovenia","NHL","LAK","FWD",143
"BA",83,"Sweden","NHL","LAK","FWD",35
"BA",82,"Canada","NHL","LAK","FWD",1825
"BA",81,"Switzerland","NHL","LAK","FWD",1234
"BA",81,"Russia","NHL","LAK","FWD",103
"BA",80,"Canada","NHL","LAK","FWD",1811
"BA",79,"Canada","NHL","LAK","FWD",2273
"BA",77,"Finland","NHL","LAK","FWD",1066
"BA",77,"Canada","NHL","LAK","FWD",460
"BA",76,"Finland","NHL","LAK","FWD",1984
"BA",75,"Canada","NHL","LAK","FWD",37
"BA",85,"Russia","NHL","MIN","FWD",1248
"BA",83,"Sweden","NHL","MIN","FWD",1068
"BA",80,"Russia","NHL","MIN","FWD",2264
"BA",80,"Austria","NHL","MIN","FWD",1400
"BA",78,"Norway","NHL","MIN","FWD",1474
"BA",77,"Sweden","NHL","MIN","FWD",1403
"BA",77,"Russia","NHL","MIN","FWD",2314
"BA",76,"Canada","NHL","MIN","FWD",1663
"BA",76,"Germany","NHL","MIN","FWD",1662
"BA",84,"Canada","NHL","MTL","FWD",1657
"BA",82,"Slovakia","NHL","MTL","FWD",1171
"BA",80,"Finland","NHL","MTL","FWD",1769
"BA",79,"Canada","NHL","MTL","FWD",264
"BA",78,"Canada","NHL","MTL","FWD",1146
"BA",78,"Canada","NHL","MTL","FWD",929
"BA",77,"Canada","NHL","MTL","FWD",1247
"BA",77,"Canada","NHL","MTL","FWD",64
"BA",77,"Canada","NHL","MTL","FWD",1064
"BA",76,"Canada","NHL","MTL","FWD",1977
"BA",75,"Canada","NHL","MTL","FWD",2335
"BA",75,"Finland","NHL","MTL","FWD",1713
"BA",75,"Canada","NHL","MTL","FWD",1159
"BA",84,"Sweden","NHL","NSH","FWD",727
"BA",82,"Canada","NHL","NSH","FWD",2104
"BA",81,"Canada","NHL","NSH","FWD",1123
"BA",81,"Canada","NHL","NSH","FWD",1944
"BA",79,"Canada","NHL","NSH","FWD",1362
"BA",78,"Canada","NHL","NSH","FWD",1551
"BA",77,"Finland","NHL","NSH","FWD",683
"BA",78,"Russia","NHL","NSH","FWD",716
"BA",77,"Canada","NHL","NSH","FWD",2336
"BA",83,"Sweden","NHL","NJD","FWD",1020
"BA",83,"Switzerland","NHL","NJD","FWD",1660
"BA",80,"Switzerland","NHL","NJD","FWD",2156
"BA",79,"Russia","NHL","NJD","FWD",712
"BA",79,"Canada","NHL","NJD","FWD",548
"BA",78,"Czechia","NHL","NJD","FWD",1722
"BA",76,"Canada","NHL","NJD","FWD",444
"BA",76,"Canada","NHL","NJD","FWD",417
"BA",75,"Canada","NHL","NJD","FWD",1261
"BA",84,"Canada","NHL","NYI","FWD",1463
"BA",80,"Canada","NHL","NYI","FWD",1118
"BA",82,"Canada","NHL","NYI","FWD",207
"BA",79,"Canada","NHL","NYI","FWD",999
"BA",78,"Canada","NHL","NYI","FWD",359
"BA",78,"Sweden","NHL","NYI","FWD",1814
"BA",78,"Sweden","NHL","NYI","FWD",2064
"BA",77,"Canada","NHL","NYI","FWD",124
"BA",76,"Sweden","NHL","NYI","FWD",662
"BA",75,"Canada","NHL","NYI","FWD",1495
"BA",84,"Russia","NHL","NYR","FWD",149
"BA",82,"Sweden","NHL","NYR","FWD",1568
"BA",81,"Canada","NHL","NYR","FWD",88
"BA",79,"Canada","NHL","NYR","FWD",2281
"BA",78,"Canada","NHL","NYR","FWD",1967
"BA",77,"Canada","NHL","NYR","FWD",2124
"BA",76,"Finland","NHL","NYR","FWD",1187
"BA",75,"Canada","NHL","NYR","FWD",1175
"BA",75,"Sweden","NHL","NYR","FWD",13
"BA",75,"Canada","NHL","NYR","FWD",271
"BA",75,"Canada","NHL","NYR","FWD",1500
"BA",84,"Germany","NHL","OTT","FWD",2154
"BA",82,"Canada","NHL","OTT","FWD",609
"BA",81,"Canada","NHL","OTT","FWD",412
"BA",80,"Canada","NHL","OTT","FWD",618
"BA",79,"Sweden","NHL","OTT","FWD",715
"BA",78,"Canada","NHL","OTT","FWD",1875
"BA",78,"Canada","NHL","OTT","FWD",542
"BA",77,"Canada","NHL","OTT","FWD",1574
"BA",77,"Denmark","NHL","OTT","FWD",1285
"BA",76,"Canada","NHL","OTT","FWD",1642
"BA",75,"Canada","NHL","OTT","FWD",118
"BA",84,"Canada","NHL","PHI","FWD",2182
"BA",83,"Canada","NHL","PHI","FWD",2015
"BA",82,"Russia","NHL","PHI","FWD",1516
"BA",81,"Canada","NHL","PHI","FWD",1749
"BA",80,"Canada","NHL","PHI","FWD",2225
"BA",83,"Canada","NHL","PIT","FWD",2057
"BA",82,"Russia","NHL","PIT","FWD",711
"BA",82,"Sweden","NHL","PIT","FWD",1874
"BA",75,"Canada","NHL","PHI","FWD",1664
"BA",75,"Finland","NHL","PIT","FWD",1130
"BA",75,"Finland","NHL","PIT","FWD",2252
"BA",75,"Canada","NHL","PIT","FWD",225
"BA",76,"Canada","NHL","PIT","FWD",1173
"BA",77,"Canada","NHL","PIT","FWD",125
"BA",77,"Canada","NHL","PIT","FWD",507
"BA",79,"Canada","NHL","PIT","FWD",1806
"BA",76,"Canada","NHL","PIT","FWD",446
"BA",84,"Canada","NHL","SJS","FWD",2220
"BA",83,"Sweden","NHL","SJS","FWD",2286
"BA",82,"Canada","NHL","SJS","FWD",1377
"BA",79,"Sweden","NHL","SJS","FWD",81
"BA",78,"Switzerland","NHL","SJS","FWD",1807
"BA",77,"Sweden","NHL","SJS","FWD",345
"BA",77,"Canada","NHL","SJS","FWD",1005
"BA",76,"Canada","NHL","SJS","FWD",2204
"BA",75,"Canada","NHL","SJS","FWD",2341
"BA",84,"Canada","NHL","SEA","FWD",971
"BA",75,"Canada","NHL","SEA","FWD",1948
"BA",82,"Canada","NHL","SEA","FWD",366
"BA",81,"Canada","NHL","SEA","FWD",1456
"BA",80,"Canada","NHL","SEA","FWD",1134
"BA",79,"Canada","NHL","SEA","FWD",748
"BA",79,"Canada","NHL","SEA","FWD",920
"BA",78,"Finland","NHL","SEA","FWD",1191
"BA",78,"Finland","NHL","SEA","FWD",641
"BA",77,"Canada","NHL","SEA","FWD",2211
"BA",75,"Canada","NHL","SEA","FWD",1605
"BA",84,"Canada","NHL","STL","FWD",1894
"BA",83,"Canada","NHL","STL","FWD",1137
"BA",82,"Canada","NHL","STL","FWD",622
"BA",81,"Canada","NHL","STL","FWD",261
"BA",80,"Russia","NHL","STL","FWD",1781
"BA",78,"Canada","NHL","STL","FWD",935
"BA",78,"Sweden","NHL","STL","FWD",1738
"BA",77,"Canada","NHL","STL","FWD",1468
"BA",77,"Switzerland","NHL","STL","FWD",1819
"BA",77,"Australia","NHL","STL","FWD",1630
"BA",76,"France","NHL","STL","FWD",85
"BA",76,"Russia","NHL","STL","FWD",86
"BA",75,"Slovakia","NHL","STL","FWD",482
"BA",85,"Russia","NHL","TBL","FWD",1671
"BA",84,"Canada","NHL","TBL","FWD",260
"BA",83,"Canada","NHL","TBL","FWD",251
"BA",82,"Canada","NHL","TBL","FWD",123
"BA",81,"Denmark","NHL","TBL","FWD",1710
"BA",80,"Canada","NHL","TBL","FWD",1651
"BA",77,"Canada","NHL","TBL","FWD",764
"BA",76,"Sweden","NHL","TBL","FWD",1821
"BA",75,"Canada","NHL","TBL","FWD",941
"BA",85,"Sweden","NHL","TOR","FWD",2291
"BA",82,"Canada","NHL","TOR","FWD",1099
"BA",79,"Canada","NHL","TOR","FWD",1525
"BA",79,"Canada","NHL","TOR","FWD",221
"BA",78,"Canada","NHL","TOR","FWD",1666
"BA",77,"Canada","NHL","TOR","FWD",2005
"BA",76,"Sweden","NHL","TOR","FWD",332
"BA",76,"Czechia","NHL","TOR","FWD",539
"BA",76,"Canada","NHL","TOR","FWD",2102
"BA",76,"Finland","NHL","TOR","FWD",1472
"BA",75,"Canada","NHL","TOR","FWD",1561
"BA",80,"Canada","NHL","UTA","FWD",621
"BA",80,"Canada","NHL","UTA","FWD",178
"BA",79,"Germany","NHL","UTA","FWD",1101
"BA",79,"Sweden","NHL","UTA","FWD",1243
"BA",78,"Canada","NHL","UTA","FWD",1292
"BA",77,"Canada","NHL","UTA","FWD",75
"BA",77,"Canada","NHL","UTA","FWD",894
"BA",77,"Canada","NHL","UTA","FWD",256
"BA",76,"Canada","NHL","UTA","FWD",1305
"BA",82,"Sweden","NHL","VAN","FWD",650
"BA",80,"Canada","NHL","VAN","FWD",928
"BA",79,"Canada","NHL","VAN","FWD",710
"BA",79,"Czechia","NHL","VAN","FWD",725
"BA",78,"Sweden","NHL","VAN","FWD",1688
"BA",77,"Sweden","NHL","VAN","FWD",1122
"BA",77,"Canada","NHL","VAN","FWD",376
"BA",76,"Latvia","NHL","VAN","FWD",2127
"BA",75,"Sweden","NHL","VAN","FWD",1313
"BA",75,"Finland","NHL","VAN","FWD",6
"BA",75,"Sweden","NHL","VAN","FWD",1686
"BA",76,"Canada","NHL","SJS","FWD",176
"BA",80,"Canada","NHL","SEA","FWD",2044
"BA",79,"Canada","NHL","TBL","FWD",2316
"BA",76,"Latvia","NHL","TBL","FWD",2347
"BA",84,"Russia","NHL","WSH","FWD",65
"BA",83,"Canada","NHL","WSH","FWD",629
"BA",81,"Belarus","NHL","WSH","FWD",90
"BA",81,"Canada","NHL","WSH","FWD",2167
"BA",80,"Canada","NHL","WSH","FWD",1817
"BA",80,"Canada","NHL","WSH","FWD",449
"BA",77,"Canada","NHL","WSH","FWD",122
"BA",75,"Canada","NHL","WSH","FWD",831
"BA",84,"Canada","NHL","WPG","FWD",1432
"BA",81,"Canada","NHL","WPG","FWD",425
"BA",82,"Canada","NHL","WPG","FWD",758
"BA",79,"Canada","NHL","WPG","FWD",27
"BA",79,"Switzerland","NHL","WPG","FWD",1690
"BA",78,"Canada","NHL","WPG","FWD",1126
"BA",77,"Russia","NHL","WPG","FWD",2267
"BA",77,"Sweden","NHL","WPG","FWD",811
"BA",77,"Canada","NHL","WPG","FWD",2119
"BA",76,"Canada","NHL","WPG","FWD",1608
"BA",75,"Canada","NHL","WPG","FWD",974
"BA",75,"Sweden","NHL","WPG","FWD",536
"FI",81,"Canada","NHL","VAN","FWD",710
"FI",79,"Finland","NHL","NSH","FWD",683
"BA",80,"Canada","PWHL","BOS","FWD",959
"BA",79,"Canada","PWHL","BOS","FWD",1033
"BA",77,"Austria","PWHL","BOS","FWD",2141
"BA",76,"France","PWHL","BOS","FWD",379
"BA",76,"Canada","PWHL","BOS","FWD",2075
"BA",75,"Canada","PWHL","MTL","FWD",1197
"BA",77,"Canada","PWHL","MTL","FWD",362
"BA",77,"Canada","PWHL","MTL","FWD",919
"BA",81,"Canada","PWHL","MTL","FWD",1287
"BA",83,"Canada","PWHL","MTL","FWD",1415
"BA",76,"Canada","PWHL","NY","FWD",671
"BA",77,"Canada","PWHL","NY","FWD",1211
"BA",80,"Canada","PWHL","NY","FWD",1260
"BA",82,"Canada","PWHL","NY","FWD",1996
"BA",76,"Austria","PWHL","OTT","FWD",119
"BA",76,"Canada","PWHL","OTT","FWD",1849
"BA",76,"Canada","PWHL","OTT","FWD",1974
"BA",77,"Canada","PWHL","OTT","FWD",653
"BA",79,"Canada","PWHL","OTT","FWD",667
"BA",83,"Canada","PWHL","OTT","FWD",301
"BA",77,"Canada","PWHL","TOR","FWD",670
"BA",79,"Canada","PWHL","TOR","FWD",519
"BA",77,"Canada","PWHL","TOR","FWD",1380
"BA",79,"Canada","PWHL","TOR","FWD",669
"BA",80,"Canada","PWHL","TOR","FWD",206
"BA",80,"Canada","PWHL","TOR","FWD",408
"BA",80,"Canada","EA","SEA","FWD",1030
"BA",79,"Canada","EA","SEA","FWD",1301
"BA",79,"Canada","EA","SEA","FWD",1165
"BA",79,"Canada","EA","SEA","FWD",1596
"BA",79,"Canada","EA","SEA","FWD",500
"BA",75,"Canada","EA","VAN","FWD",1567
"BA",76,"Canada","EA","VAN","FWD",308
"BA",79,"Mainland China","EA","VAN","FWD",821
"BA",79,"Canada","EA","VAN","FWD",1007
"BA",83,"Canada","EA","VAN","FWD",1997
"BA",82,"Canada","PWHL","TOR","FWD",1618
"FI",79,"Canada","NHL","CBJ","FWD",265
"FI",81,"Sweden","NHL","CHI","FWD",98
"FI",81,"Germany","NHL","UTA","FWD",1101
"TRAN",84,"Canada","NHL","WPG","FWD",758
"TRAN",82,"Canada","NHL","SJS","FWD",1005
"TRAN",80,"Canada","NHL","UTA","FWD",894
"CMG",78,"Canada","NHL","WPG","FWD",2119
"CMG",80,"Sweden","NHL","MIN","FWD",1403
"CMG",80,"Canada","NHL","UTA","FWD",1292
"CMG",84,"Canada","NHL","PHI","FWD",2015
"CMG",84,"Canada","NHL","WPG","FWD",1126
"CMG",84,"Canada","NHL","NYR","FWD",2281
"CMG",83,"Canada","NHL","TBL","FWD",455
"CMG",82,"Sweden","NHL","EDM","FWD",1510
"CMG",82,"Sweden","NHL","COL","FWD",2244
"CMG",82,"Switzerland","NHL","STL","FWD",1819
"CMG",81,"Sweden","NHL","NYI","FWD",2064
"CMG",81,"Sweden","NHL","TOR","FWD",332
"CMG",80,"Germany","NHL","MIN","FWD",1662
"CMG",78,"Canada","NHL","MTL","FWD",2335
"CMG",84,"Finland","NHL","DAL","FWD",1916
"CMG",83,"Switzerland","NHL","NJD","FWD",2156
"CMG",82,"Russia","NHL","EDM","FWD",2237
"CMG",80,"Sweden","NHL","SJS","FWD",346
"CMG",78,"Latvia","NHL","VAN","FWD",2127
"CMG",78,"Canada","NHL","COL","FWD",1755
"CMG",85,"Czechia","NHL","BOS","FWD",541
"CMG",81,"Canada","NHL","CGY","FWD",1609
"CMG",82,"Canada","NHL","MTL","FWD",64
"CMG",83,"Canada","NHL","NSH","FWD",1551
"CMG",84,"Russia","NHL","CAR","FWD",104
"CMG",84,"Canada","NHL","SEA","FWD",2044
"HRS",87,"Canada","NHLAA","CAR","FWD",775
"HRS",85,"Canada","NHLAA","CAR","FWD",775
"HRS",84,"Canada","NHLAA","CAR","FWD",775
"HRS",83,"Canada","NHLAA","CAR","FWD",775
"HRS",82,"Canada","NHLAA","CAR","FWD",775
"HRS",87,"Czechia","NHLAA","NJD","FWD",220
"HRS",85,"Czechia","NHLAA","NJD","FWD",220
"HRS",83,"Czechia","NHLAA","NJD","FWD",220
"HRS",84,"Czechia","NHLAA","NJD","FWD",220
"HRS",82,"Czechia","NHLAA","NJD","FWD",220
"CMG",80,"Australia","NHL","STL","FWD",1630
"CMG",82,"Canada","NHL","ANA","FWD",1955
"CMG",83,"Canada","NHL","LAK","FWD",1811
"CMG",82,"Canada","NHL","FLA","FWD",708
"CMG",82,"Slovakia","NHL","CGY","FWD",1448
"CMG",80,"Canada","NHL","SEA","FWD",2211
"MARQ",85,"Russia","NHL","CBJ","FWD",1250
"MARQ",82,"Canada","NHL","NJD","FWD",548
"MARQ",81,"Canada","NHL","EDM","FWD",22
"MARQ",80,"Finland","NHL","FLA","FWD",646
"MARQ",80,"Canada","NHL","TOR","FWD",1666
"MARQ",84,"Canada","NHL","DAL","FWD",1479
"MARQ",84,"Switzerland","NHL","LAK","FWD",1234
"BA",79,"Canada","AHL","CGY","FWD",279
"BA",78,"Slovakia","AHL","CGY","FWD",1985
"BA",77,"Canada","AHL","CGY","FWD",1917
"BA",76,"Canada","AHL","CGY","FWD",1753
"BA",76,"Canada","AHL","CGY","FWD",410
"BA",76,"Canada","AHL","CGY","FWD",1344
"BA",76,"Czechia","AHL","CGY","FWD",1443
"BA",76,"Canada","AHL","CGY","FWD",57
"BA",76,"Sweden","AHL","CGY","FWD",2292
"BA",77,"Sweden","AHL","CHI","FWD",1703
"BA",80,"Canada","AHL","CHI","FWD",554
"BA",79,"Canada","AHL","CHI","FWD",2318
"BA",77,"Canada","AHL","CHI","FWD",243
"BA",77,"Canada","AHL","CHI","FWD",1184
"BA",76,"Canada","AHL","CHI","FWD",1956
"BA",76,"Russia","AHL","CHI","FWD",788
"BA",76,"Canada","AHL","CHI","FWD",709
"BA",76,"Sweden","AHL","CHI","FWD",720
"BA",75,"Finland","AHL","CHI","FWD",1163
"BA",78,"Czechia","AHL","COL","FWD",873
"BA",79,"Canada","AHL","COL","FWD",707
"BA",77,"Canada","AHL","COL","FWD",52
"BA",76,"Canada","AHL","COL","FWD",2210
"BA",76,"Russia","AHL","COL","FWD",1673
"BA",79,"Canada","AHL","TOR","FWD",192
"BA",77,"Canada","AHL","TOR","FWD",1854
"BA",77,"Canada","AHL","TOR","FWD",915
"BA",77,"Canada","AHL","TOR","FWD",1332
"BA",76,"Canada","AHL","TOR","FWD",184
"BA",76,"Canada","AHL","TOR","FWD",1957
"BA",75,"Canada","AHL","TOR","FWD",1435
"MARQ",82,"Canada","NHL","NSH","FWD",1123
"MARQ",83,"Canada","NHL","TBL","FWD",123
"MARQ",81,"Canada","NHL","BOS","FWD",1610
"MARQ",80,"Canada","NHL","MTL","FWD",1146
"MARQ",81,"Canada","NHL","TOR","FWD",1525
"TRAN",83,"Russia","NHL","EDM","FWD",2237
"TRAN",85,"Canada","NHL","ANA","FWD",1457
"TRAN",86,"Russia","NHL","MIN","FWD",1248
"MARQ",80,"Canada","NHL","OTT","FWD",542
"MARQ",81,"Canada","NHL","BUF","FWD",1800
"MARQ",81,"Canada","NHL","SEA","FWD",1134
"MARQ",85,"Russia","NHL","PHI","FWD",1516
"MARQ",80,"Canada","NHL","NYI","FWD",124
"MARQ",81,"Canada","NHL","CAR","FWD",1141
"MARQ",82,"Canada","NHL","SEA","FWD",920
"MARQ",83,"Russia","NHL","MIN","FWD",2264
"MARQ",84,"Canada","NHL","WSH","FWD",1817
"MARQ",84,"Canada","NHL","VAN","FWD",928
"TRAN",80,"Canada","NHL","NSH","FWD",2227
"MARQ",80,"Canada","NHL","NYR","FWD",1967
"MARQ",82,"Canada","NHL","UTA","FWD",621
"FACE",87,"Slovenia","NHL","LAK","FWD",143
"FACE",86,"Canada","NHL","LAK","FWD",1825
"FACE",85,"Canada","NHL","FLA","FWD",1972
"FACE",86,"Finland","NHL","DAL","FWD",1594
"FACE",85,"Germany","NHL","OTT","FWD",2154
"FACE",81,"Finland","NHL","COL","FWD",1072
"FACE",80,"Canada","NHL","EDM","FWD",2331
"FACE",81,"Canada","NHL","EDM","FWD",2331
"FACE",82,"Canada","NHL","EDM","FWD",2331
"FACE",83,"Canada","NHL","EDM","FWD",2331
"FACE",84,"Canada","NHL","EDM","FWD",2331
"FACE",85,"Canada","NHL","EDM","FWD",2331
"MARQ",80,"Canada","NHL","CGY","FWD",453
"MARQ",80,"Canada","NHL","NJD","FWD",1261
"MARQ",82,"Canada","NHL","DAL","FWD",2306
"FACE",82,"Canada","NHL","MTL","FWD",1064
"FACE",84,"Russia","NHL","CBJ","FWD",2319
"MARQ",84,"Canada","NHL","CBJ","FWD",1229
"MARQ",81,"Germany","NHL","CHI","FWD",1358
"FACE",81,"Sweden","NHL","FLA","FWD",1019
"FACE",83,"Sweden","NHL","VAN","FWD",1122
"FACE",83,"Czechia","NHL","BUF","FWD",1047
"FACE",84,"Canada","NHL","WPG","FWD",27
"FACE",85,"Sweden","NHL","NSH","FWD",727
"TRAN",83,"Canada","NHL","OTT","FWD",1261
"TRAN",83,"Sweden","NHL","PHI","FWD",346
"TRAN",84,"Canada","NHL","NSH","FWD",1362
"MARQ",80,"Canada","NHL","NYI","FWD",999
"MARQ",85,"Canada","NHL","VAN","FWD",803
"MARQ",85,"Canada","NHL","ANA","FWD",460
"MARQ",85,"Canada","NHLAA","DET","FWD",267
"FACE",85,"Canada","NHL","STL","FWD",1137
"FACE",84,"Canada","NHL","NYI","FWD",359
"FACE",82,"Sweden","NHL","TBL","FWD",1821
"FACE",83,"Finland","NHL","TOR","FWD",1472
"FACE",83,"Canada","NHL","DAL","FWD",1973
"FACE",85,"Sweden","NHL","NJD","FWD",1020
"MARQ",81,"Canada","NHL","VAN","FWD",248
"MARQ",81,"Canada","NHL","TBL","FWD",471
"MARQ",82,"Canada","NHL","MIN","FWD",849
"MARQ",85,"Canada","NHL","TOR","FWD",633
"MARQ",81,"Norway","NHL","DET","FWD",1549
"MARQ",82,"Russia","NHL","CGY","FWD",1515
"MARQ",81,"Canada","NHL","NSH","FWD",244
"MARQ",84,"Canada","NHL","SJS","FWD",1559
"MARQ",85,"Canada","NHL","ANA","FWD",179
"MARQ",80,"Finland","NHL","NYR","FWD",1187
"MARQ",82,"Russia","NHL","CBJ","FWD",583
"TRAN",81,"Canada","NHL","SEA","FWD",878
"TRAN",81,"Canada","NHL","PHI","FWD",2201
"FACE",81,"Finland","NHL","CAR","FWD",1023
"FACE",80,"Finland","NHL","CAR","FWD",1023
"FACE",82,"Finland","NHL","CAR","FWD",1023
"FACE",83,"Finland","NHL","CAR","FWD",1023
"FACE",84,"Finland","NHL","CAR","FWD",1023
"FACE",85,"Finland","NHL","CAR","FWD",1023
"FACE",82,"Norway","NHL","MIN","FWD",1474
"FACE",81,"Canada","NHL","CHI","FWD",981
"FACE",82,"Canada","NHL","CAR","FWD",1138
"FACE",84,"Canada","NHL","CBJ","FWD",226
"FACE",85,"Sweden","NHL","PIT","FWD",1874
"FACE",86,"Canada","NHL","CBJ","FWD",2022
"FACE",86,"Canada","NHL","CAR","FWD",2035
"FACE",86,"Sweden","NHL","TOR","FWD",2291
"FACE",86,"Canada","NHL","PIT","FWD",2057
"MARQ",85,"Canada","NHL","TBL","FWD",251
"MARQ",85,"Sweden","NHL","MIN","FWD",1068
"MARQ",85,"Canada","NHL","NYI","FWD",207
"MARQ",85,"Canada","NHL","DET","FWD",125
"MARQ",84,"Canada","NHL","PHI","FWD",1871
"MARQ",86,"Canada","NHL","TOR","FWD",1602
"FACE",85,"Canada","NHL","PIT","FWD",1772
"FACE",85,"Canada","PWHL","VAN","FWD",1997
"MILE",86,"Canada","NHL","WPG","FWD",1432
"MILE",86,"Canada","NHL","NYI","FWD",1099
"FACE",86,"Czechia","NHLAA","PIT","FWD",978
"MILE",86,"Canada","NHL","TOR","FWD",1099
"FACE",86,"Canada","NHL","FLA","FWD",234
"FACE",83,"Canada","NHL","STL","FWD",622
"FACE",85,"Switzerland","NHL","NJD","FWD",1660
"FACE",84,"Canada","NHL","OTT","FWD",412
"FACE",86,"Canada","NHL","BOS","FWD",234
"BEM",81,"Russia","NHL","TBL","FWD",1671
"BEM",82,"Russia","NHL","TBL","FWD",1671
"BEM",83,"Russia","NHL","TBL","FWD",1671
"BEM",84,"Russia","NHL","TBL","FWD",1671
"BEM",85,"Russia","NHL","TBL","FWD",1671
"BEM",86,"Russia","NHL","TBL","FWD",1671
"BEM",82,"Canada","NHL","COL","FWD",1629
"BEM",81,"Canada","NHL","COL","FWD",1629
"BEM",83,"Canada","NHL","COL","FWD",1629
"BEM",84,"Canada","NHL","COL","FWD",1629
"BEM",85,"Canada","NHL","COL","FWD",1629
"BEM",86,"Canada","NHL","COL","FWD",1629
"BEM",85,"Russia","NHL","NYR","FWD",149
"BEM",84,"Canada","NHL","TBL","FWD",1651
"BEM",83,"Canada","NHL","NSH","FWD",2336
"BEM",83,"Canada","NHL","CBJ","FWD",428
"BEM",83,"Russia","NHL","STL","FWD",86
"BEM",82,"Canada","NHL","OTT","FWD",1642
"BEM",82,"Canada","NHL","FLA","FWD",1107
"BEM",82,"Russia","NHL","WPG","FWD",2267
"BEM",81,"Canada","NHL","ANA","FWD",62
"BEM",81,"Canada","NHL","NJD","FWD",417
"BEM",81,"Canada","NHL","MTL","FWD",1159
"BEM",81,"Sweden","NHL","DET","FWD",657
"BEM",81,"Canada","NHL","EDM","FWD",473
"BEM",82,"Finland","NHL","LAK","FWD",1066
"BEM",83,"Canada","NHL","PIT","FWD",446
"BEM",84,"Canada","NHL","SEA","FWD",1456
"MARQ",85,"Canada","NHL","WPG","FWD",1126
"BEM",81,"Canada","NHL","PHI","FWD",1664
"BEM",83,"Sweden","NHL","SJS","FWD",81
"BEM",81,"Canada","NHL","CHI","FWD",443
"BEM",82,"Canada","NHL","CHI","FWD",443
"BEM",83,"Canada","NHL","CHI","FWD",443
"BEM",84,"Canada","NHL","CHI","FWD",443
"BEM",85,"Canada","NHL","CHI","FWD",443
"BEM",86,"Canada","NHL","CHI","FWD",443
"BEM",81,"Finland","NHL","FLA","FWD",48
"BEM",82,"Finland","NHL","FLA","FWD",48
"BEM",83,"Finland","NHL","FLA","FWD",48
"BEM",84,"Finland","NHL","FLA","FWD",48
"BEM",85,"Finland","NHL","FLA","FWD",48
"BEM",86,"Finland","NHL","FLA","FWD",48
"BEM",82,"Canada","NHL","MIN","FWD",1663
"BEM",84,"Canada","NHL","UTA","FWD",178
"BEM",85,"Finland","NHL","CAR","FWD",2025
"BEM",81,"Canada","NHL","CGY","FWD",614
"BEM",81,"Canada","NHL","PIT","FWD",225
"BEM",84,"Canada","NHL","TOR","FWD",221
"BEM",83,"Russia","NHL","NJD","FWD",712
"BEM",85,"Finland","NHL","FLA","FWD",134
"BEM",87,"Finland","NHL","DAL","FWD",1916
"MILE",86,"Canada","NHL","DAL","FWD",2219
"MILE",86,"Canada","NHL","NJD","FWD",22
"MILE",86,"Canada","NHL","TBL","FWD",251
"BEM",84,"Canada","NHL","TBL","FWD",123
"TRAN",84,"Germany","NHL","VAN","FWD",1358
"MILE",86,"Canada","NHL","ANA","FWD",22
"MILE",86,"Canada","NHL","BOS","FWD",2219
"MILE",86,"Canada","NHL","EDM","FWD",22
"BEM",81,"Canada","NHL","LAK","FWD",37
"BEM",82,"Sweden","NHL","WPG","FWD",811
"BEM",82,"Sweden","NHL","NYI","FWD",1814
"BEM",83,"Canada","NHL","NYR","FWD",2124
"CMG",84,"Canada","NHL","WSH","FWD",629
"MARQ",85,"Canada","NHL","WSH","FWD",122
"MILE",87,"Russia","NHL","WSH","FWD",65
"MARQ",86,"Canada","NHL","WSH","FWD",629
"MILE",87,"Canada","NHL","EDM","FWD",448
"MILE",86,"Canada","NHL","TOR","FWD",1632
"MILE",86,"Canada","NHL","ANA","FWD",460
"MILE",86,"Canada","NHL","DAL","FWD",460
"MILE",86,"Canada","NHL","COL","FWD",1632
"MILE",86,"Canada","NHL","MTL","FWD",460
"MILE",86,"Canada","NHL","CGY","FWD",1632
"MILE",86,"Canada","NHL","TBL","FWD",460
"MILE",86,"Canada","NHL","CHI","FWD",460
"MILE",86,"Canada","NHL","EDM","FWD",460
"MILE",86,"Canada","NHL","LAK","FWD",460
"MILE",87,"Canada","NHL","FLA","FWD",234
"MILE",86,"Sweden","NHL","MIN","FWD",1403
"MILE",86,"Sweden","NHL","WSH","FWD",1403
"MILE",86,"Sweden","NHL","SEA","FWD",1403
"MILE",86,"Sweden","NHL","BUF","FWD",1403
"MILE",86,"Sweden","NHL","BOS","FWD",1403
"MILE",86,"Sweden","NHL","NJD","FWD",1403
"TRAN",83,"Czechia","NHL","VAN","FWD",539
"TRAN",87,"Sweden","NHL","LAK","FWD",35
"BEM",87,"Canada","PWHL","BOS","FWD",1033
"BEM",85,"Canada","PWHL","TOR","FWD",669
"BEM",83,"Austria","PWHL","OTT","FWD",119
"MARQ",87,"Canada","PWHL","SEA","FWD",500
"MARQ",83,"Canada","PWHL","MTL","FWD",362
"FI",87,"Canada","PWHL","SEA","FWD",1165
"FI",84,"Canada","PWHL","BOS","FWD",2075
"FI",83,"Canada","PWHL","VAN","FWD",1567
"CCAP",88,"Canada","PWHL","OTT","FWD",301
"CCAP",88,"Canada","PWHL","VAN","FWD",1997
"CCAP",88,"Canada","PWHL","MTL","FWD",1415
"CCAP",88,"Canada","PWHL","TOR","FWD",206
"HRS",88,"Sweden","NHLAA","PIT","FWD",347
"HRS",88,"Canada","NHLAA","CHI","FWD",557
"HRS",86,"Canada","NHLAA","CHI","FWD",557
"HRS",86,"Sweden","NHLAA","PIT","FWD",347
"HRS",85,"Sweden","NHLAA","PIT","FWD",347
"HRS",85,"Canada","NHLAA","CHI","FWD",557
"HRS",84,"Sweden","NHLAA","PIT","FWD",347
"HRS",84,"Canada","NHLAA","CHI","FWD",557
"HRS",83,"Sweden","NHLAA","PIT","FWD",347
"HRS",83,"Sweden","NHL","PIT","FWD",347
"HRS",83,"Canada","NHLAA","CHI","FWD",557
"MILE",87,"Czechia","NHL","BOS","FWD",541
"FI",88,"Canada","NHL","TBL","FWD",471
"BEM",83,"Czechia","NHL","CGY","FWD",25
"BEM",84,"Australia","NHL","STL","FWD",1630
"BEM",85,"Canada","NHL","CHI","FWD",439
"BEM",86,"Canada","NHL","NYR","FWD",2281
